[
  {
    "name": "The Launderette (Suffolk Square)",
    "address": "20 Suffolk Square, Norwich, NR2 2AA",
    "city": "Norwich",
    "lat": 52.6235,
    "lng": 1.2820,
    "features": ["Self-Service", "Service Wash", "Duvet Cleaning", "Attended (Partial)"],
    "openingHours": "Mon-Fri: 8:00am - 7:00pm, Sat: 8:00am - 5:00pm, Sun: 10:00am - 4:00pm",
    "website": "https://www.thelaunderette.co.uk/",
    "isPremium": false,
    "reviewCount": 18,
    "rating": 4.4
  },
  {
    "name": "C&G Launderettes Ltd (Dereham Rd)",
    "address": "179a Dereham Rd, Norwich, NR2 3TB",
    "city": "Norwich",
    "lat": 52.6310,
    "lng": 1.2670,
    "features": ["Launderette", "Dry Cleaning", "Full Laundry Service"],
    "openingHours": "Mon-Wed, Fri-Sat: 8:30am - 6:30pm, Thu: Closed, Sun: Closed",
    "website": "",
    "isPremium": true,
    "reviewCount": 10,
    "rating": 4.2
  },
  {
    "name": "Magdalen Launderette",
    "address": "2 Magdalen Rd, Norwich, NR3 4AE",
    "city": "Norwich",
    "lat": 52.6380,
    "lng": 1.3050,
    "features": ["Coin-Op", "Service Wash", "Fully Attended (Partial)"],
    "openingHours": "Mon, Tue, Thu-Sun: 9:00am - 7:00pm, Wed: Closed",
    "website": "https://norwichlaundromat.co.uk/",
    "isPremium": false,
    "reviewCount": 15,
    "rating": 4.5
  },
  {
    "name": "Mile Cross Dry Cleaners",
    "address": "191 Drayton Road, Norwich, NR3 2PG",
    "city": "Norwich",
    "lat": 52.6450,
    "lng": 1.2830,
    "features": ["Dry Cleaning", "Laundry Service", "Agent Service"],
    "openingHours": "Mon-Fri: 8:30am - 5:30pm, Sat: 9:00am - 4:00pm, Sun: Closed",
    "website": "",
    "isPremium": true,
    "reviewCount": 5,
    "rating": 4.6
  },
  {
    "name": "Wroxham Launderette",
    "address": "12 Norwich Rd, Wroxham, Norwich, NR12 8RY",
    "city": "Norwich",
    "lat": 52.7060,
    "lng": 1.4070,
    "features": ["Launderette", "Self-Service", "Clean Facilities"],
    "openingHours": "Mon-Sun: 8:00am - 9:00pm",
    "website": "",
    "isPremium": false,
    "reviewCount": 7,
    "rating": 4.7
  },
  {
    "name": "Wash.ME (Thunder Lane)",
    "address": "160 Plumstead Rd E, Norwich, NR7 9NQ",
    "city": "Norwich",
    "lat": 52.6360,
    "lng": 1.3500,
    "features": ["24/7 Outdoor Machine", "Large Capacity", "Contactless Payment"],
    "openingHours": "24/7",
    "website": "https://stores.revolution-laundry.com/",
    "isPremium": false,
    "reviewCount": 10,
    "rating": 3.9
  },
  {
    "name": "Smart Image Dry Cleaners",
    "address": "69 Grove Rd, Norwich, NR1 3RL",
    "city": "Norwich",
    "lat": 52.6210,
    "lng": 1.2990,
    "features": ["Dry Cleaning", "Ironing Service", "Repairs & Alterations"],
    "openingHours": "Mon-Fri: 8:00am - 6:00pm, Sat: 8:00am - 1:00pm, Sun: Closed",
    "website": "",
    "isPremium": true,
    "reviewCount": 4,
    "rating": 4.5
  },
  {
    "name": "Washing Well (Hellesdon)",
    "address": "252 Drayton Rd, Hellesdon, Norwich, NR3 2QP (Est)",
    "city": "Norwich",
    "lat": 52.6450,
    "lng": 1.2610,
    "features": ["Self-Service", "Service Wash", "Duvet Cleaning"],
    "openingHours": "Mon-Sat: 8:00am - 7:00pm, Sun: Closed",
    "website": "",
    "isPremium": false,
    "reviewCount": 6,
    "rating": 4.1
  },
  {
    "name": "Coinwash (Nelson St)",
    "address": "14 Nelson St, Norwich, NR2 4DL (Est)",
    "city": "Norwich",
    "lat": 52.6320,
    "lng": 1.2850,
    "features": ["Coin-Op", "Self-Service", "Near Pubs/Cafes"],
    "openingHours": "Mon-Sun: 7:30am - 9:00pm",
    "website": "",
    "isPremium": false,
    "reviewCount": 8,
    "rating": 4.0
  },
  {
    "name": "Johnson Cleaners (Waitrose)",
    "address": "Waitrose, Eaton Centre, Norwich, NR4 6NU (Est)",
    "city": "Norwich",
    "lat": 52.6100,
    "lng": 1.2580,
    "features": ["Dry Cleaning Drop-Off", "Repairs", "Duvet Cleaning"],
    "openingHours": "Mon-Thu: 8:00am - 8:00pm, Fri: 8:00am - 9:00pm, Sat: 8:00am - 8:00pm, Sun: 10:00am - 4:00pm",
    "website": "https://www.johnsoncleaners.com/",
    "isPremium": true,
    "reviewCount": 3,
    "rating": 4.5
  },
  {
    "name": "Globe Laundrette & Dry Cleaners",
    "address": "34 Rosemount Viaduct, Aberdeen, AB25 1NY (Est)",
    "city": "Aberdeen",
    "lat": 57.1470,
    "lng": -2.1150,
    "features": ["Self-Service", "Service Wash", "Dry Cleaning", "City Centre"],
    "openingHours": "Mon-Fri: 8:00am - 6:00pm, Sat: 9:00am - 5:00pm, Sun: Closed",
    "website": "",
    "isPremium": false,
    "reviewCount": 15,
    "rating": 4.3
  },
  {
    "name": "Golden Star Launderette",
    "address": "33 Gallowgate, Aberdeen, AB25 1EB (Est)",
    "city": "Aberdeen",
    "lat": 57.1510,
    "lng": -2.1060,
    "features": ["Launderette", "Coin-Op", "Student Friendly"],
    "openingHours": "Mon-Sun: 7:00am - 9:00pm",
    "website": "",
    "isPremium": false,
    "reviewCount": 10,
    "rating": 4.0
  },
  {
    "name": "Dons Laundry Services",
    "address": "8 Merkland Rd E, Aberdeen, AB24 5RF (Est)",
    "city": "Aberdeen",
    "lat": 57.1600,
    "lng": -2.0950,
    "features": ["Commercial Laundry", "Hotel Linen", "Workwear", "Pickup/Delivery"],
    "openingHours": "Mon-Fri: 8:00am - 5:00pm, Sat-Sun: Closed",
    "website": "",
    "isPremium": true,
    "reviewCount": 4,
    "rating": 4.8
  },
  {
    "name": "Union Street Dry Cleaners",
    "address": "150 Union St, Aberdeen, AB10 1QX (Est)",
    "city": "Aberdeen",
    "lat": 57.1430,
    "lng": -2.1000,
    "features": ["Dry Cleaning", "Repairs", "Express Service"],
    "openingHours": "Mon-Sat: 9:00am - 5:30pm, Sun: Closed",
    "website": "",
    "isPremium": true,
    "reviewCount": 7,
    "rating": 4.5
  },
  {
    "name": "Torry Launderette",
    "address": "13 Sinclair Rd, Aberdeen, AB11 9NG (Est)",
    "city": "Aberdeen",
    "lat": 57.1350,
    "lng": -2.0960,
    "features": ["Self-Service", "Attended (Partial)", "Local Service"],
    "openingHours": "Mon-Sun: 7:30am - 8:00pm",
    "website": "",
    "isPremium": false,
    "reviewCount": 5,
    "rating": 4.1
  },
  {
    "name": "Mains Launderette",
    "address": "26 Mains of Drum, Aberdeen, AB21 9AA (Est)",
    "city": "Aberdeen",
    "lat": 57.1950,
    "lng": -2.2300,
    "features": ["Self-Service", "Service Wash", "Out of Town"],
    "openingHours": "Mon-Sat: 9:00am - 6:00pm, Sun: Closed",
    "website": "",
    "isPremium": false,
    "reviewCount": 3,
    "rating": 4.2
  },
  {
    "name": "Dry Clean Express (Holburn St)",
    "address": "33 Holburn St, Aberdeen, AB10 6BS (Est)",
    "city": "Aberdeen",
    "lat": 57.1400,
    "lng": -2.1090,
    "features": ["Dry Cleaning", "Shirt Service", "Fast Turnaround"],
    "openingHours": "Mon-Fri: 8:00am - 6:30pm, Sat: 9:00am - 5:00pm, Sun: Closed",
    "website": "",
    "isPremium": true,
    "reviewCount": 6,
    "rating": 4.7
  },
  {
    "name": "Dyce Launderette",
    "address": "5 Victoria St, Dyce, Aberdeen, AB21 7DS (Est)",
    "city": "Aberdeen",
    "lat": 57.2100,
    "lng": -2.1800,
    "features": ["Launderette", "Coin-Op", "Duvet Cleaning"],
    "openingHours": "Mon-Sun: 7:00am - 9:00pm",
    "website": "",
    "isPremium": false,
    "reviewCount": 4,
    "rating": 4.0
  },
  {
    "name": "Seafield Launderette",
    "address": "10 Seafield Rd, Aberdeen, AB15 7YP (Est)",
    "city": "Aberdeen",
    "lat": 57.1500,
    "lng": -2.1500,
    "features": ["Self-Service", "Service Wash", "Attended (Partial)"],
    "openingHours": "Mon-Sat: 8:30am - 6:30pm, Sun: Closed",
    "website": "",
    "isPremium": false,
    "reviewCount": 9,
    "rating": 4.3
  },
  {
    "name": "Cleaners Direct (Union Grove)",
    "address": "52 Union Grove, Aberdeen, AB10 6SZ (Est)",
    "city": "Aberdeen",
    "lat": 57.1420,
    "lng": -2.1150,
    "features": ["Dry Cleaning", "Agent Service", "Ironing"],
    "openingHours": "Mon-Fri: 9:00am - 5:00pm, Sat: 9:00am - 1:00pm, Sun: Closed",
    "website": "",
    "isPremium": true,
    "reviewCount": 2,
    "rating": 4.6
  },
  {
    "name": "Friar Gate Launderette Ltd",
    "address": "67 Friar Gate, Derby, DE1 1DJ",
    "city": "Derby",
    "lat": 52.9230,
    "lng": -1.4800,
    "features": ["Coin-Op", "Service Wash", "Fully Staffed", "Established (1954)"],
    "openingHours": "Mon-Fri: 9:00am - 5:30pm, Sat: 10:00am - 4:00pm, Sun: Closed",
    "website": "",
    "isPremium": false,
    "reviewCount": 15,
    "rating": 4.5
  },
  {
    "name": "Bright Laundrette & Dry Cleaners",
    "address": "153a Brighton Rd, Derby, DE24 8TB",
    "city": "Derby",
    "lat": 52.8980,
    "lng": -1.4550,
    "features": ["Self-Service", "Service Wash", "Duvet Cleaning", "Family Run"],
    "openingHours": "Mon-Sun: 7:00am - 7:00pm",
    "website": "",
    "isPremium": false,
    "reviewCount": 20,
    "rating": 4.3
  },
  {
    "name": "Littleover Launderette",
    "address": "511 Burton Rd, Littleover, Derby, DE23 6FQ",
    "city": "Derby",
    "lat": 52.9090,
    "lng": -1.4900,
    "features": ["Fully Attended", "Dry Cleaning", "Ironing Service", "Established (1980)"],
    "openingHours": "Mon-Fri: 9:00am - 5:00pm, Sat: 10:00am - 4:00pm, Sun: Closed",
    "website": "https://littleoverlaunderette.com/",
    "isPremium": true,
    "reviewCount": 15,
    "rating": 4.6
  },
  {
    "name": "Sunshine Dry Cleaners (Kedleston Rd)",
    "address": "119 Kedleston Rd, Derby, DE22 1FS (Est)",
    "city": "Derby",
    "lat": 52.9350,
    "lng": -1.4900,
    "features": ["Dry Cleaning", "Laundry Service", "Pickup/Delivery (Over £30)"],
    "openingHours": "Mon-Wed: 9:00am - 5:30pm, Thu: 9:00am - 5:00pm, Fri: 9:00am - 5:30pm, Sat: 9:00am - 4:00pm, Sun: Closed",
    "website": "http://www.sunshinedrycleaners.co.uk/",
    "isPremium": true,
    "reviewCount": 8,
    "rating": 4.4
  },
  {
    "name": "Pear Tree Launderette",
    "address": "122 Pear Tree Road, Derby, DE23 6QA",
    "city": "Derby",
    "lat": 52.9100,
    "lng": -1.4650,
    "features": ["Self-Service", "Service Wash", "Drying Only"],
    "openingHours": "Mon-Sun: 7:00am - 9:00pm",
    "website": "",
    "isPremium": false,
    "reviewCount": 10,
    "rating": 4.1
  },
  {
    "name": "Wash.ME (Pentagon Service Station)",
    "address": "400 Chequers Road, Derby, DE21 6EN",
    "city": "Derby",
    "lat": 52.9320,
    "lng": -1.4500,
    "features": ["24/7 Outdoor Machine", "Large Capacity", "Contactless Payment"],
    "openingHours": "24/7",
    "website": "https://stores.revolution-laundry.com/",
    "isPremium": false,
    "reviewCount": 6,
    "rating": 3.9
  },
  {
    "name": "Chaddesden Launderette",
    "address": "25 Chaddesden Lane, Derby, DE21 6LN (Est)",
    "city": "Derby",
    "lat": 52.9260,
    "lng": -1.4300,
    "features": ["Launderette", "Service Wash", "Attended (Partial)"],
    "openingHours": "Mon-Sat: 8:30am - 6:00pm, Sun: Closed",
    "website": "",
    "isPremium": false,
    "reviewCount": 4,
    "rating": 4.2
  },
  {
    "name": "Allestree Launderette",
    "address": "14 Birchover Way, Allestree, Derby, DE22 2QR (Est)",
    "city": "Derby",
    "lat": 52.9550,
    "lng": -1.4850,
    "features": ["Self-Service", "Coin-Op", "Duvet Machines"],
    "openingHours": "Mon-Sun: 7:00am - 9:00pm",
    "website": "",
    "isPremium": false,
    "reviewCount": 5,
    "rating": 4.0
  },
  {
    "name": "The Ironing Board (Sitwell St)",
    "address": "97 Sitwell St, Derby, DE21 7FH",
    "city": "Derby",
    "lat": 52.9200,
    "lng": -1.4050,
    "features": ["Ironing & Laundry Service", "Dry Cleaning Agent", "Local Collection"],
    "openingHours": "Mon-Fri: 9:00am - 5:00pm, Sat: 9:00am - 1:00pm, Sun: Closed",
    "website": "",
    "isPremium": true,
    "reviewCount": 3,
    "rating": 4.8
  },
  {
    "name": "Spondon Launderette",
    "address": "25 Lodge Lane, Spondon, Derby, DE21 7EW (Est)",
    "city": "Derby",
    "lat": 52.9200,
    "lng": -1.4000,
    "features": ["Launderette", "Self-Service", "Staffed (Partial)"],
    "openingHours": "Mon-Sat: 8:00am - 6:00pm, Sun: Closed",
    "website": "",
    "isPremium": false,
    "reviewCount": 7,
    "rating": 4.4
  }
]
