[
  {
    "name": "A1 Launderette Summertown",
    "address": "37 South Parade, Summertown, Oxford, OX2 7JN",
    "city": "Oxford",
    "lat": 51.7705,
    "lng": -1.2610,
    "features": ["Self-Service", "Long Hours", "Card Payment Available"],
    "openingHours": "Mon-Sun: 7:00am - 8:30pm (Last wash 7:30pm)",
    "website": "",
    "isPremium": false,
    "reviewCount": 20,
    "rating": 4.5
  },
  {
    "name": "TruWash Launderette",
    "address": "2-4 Windmill Road, Headington, Oxford, OX3 7BX",
    "city": "Oxford",
    "lat": 51.7510,
    "lng": -1.2050,
    "features": ["Self-Service", "Competitive Prices", "Student Friendly"],
    "openingHours": "Mon-Sun: 7:00am - 7:00pm",
    "website": "",
    "isPremium": false,
    "reviewCount": 15,
    "rating": 4.3
  },
  {
    "name": "Coinwash Cowley Road",
    "address": "127 Cowley Road, Oxford, OX4 1HU",
    "city": "Oxford",
    "lat": 51.7450,
    "lng": -1.2380,
    "features": ["Self-Service", "Card/Cash Payment", "Dry Cleaning Service"],
    "openingHours": "Mon-Sun: 7:00am - 10:00pm",
    "website": "",
    "isPremium": true,
    "reviewCount": 30,
    "rating": 4.1
  },
  {
    "name": "Botley Road Laundrette",
    "address": "121 Botley Road, Oxford, OX2 0HD",
    "city": "Oxford",
    "lat": 51.7530,
    "lng": -1.2720,
    "features": ["Self-Service", "Duvet Cleaning", "Attended (Partial)"],
    "openingHours": "Mon-Sun: 7:00am - 9:00pm",
    "website": "",
    "isPremium": false,
    "reviewCount": 10,
    "rating": 4.0
  },
  {
    "name": "Abingdon Road Laundrette",
    "address": "66 Abingdon Road, Oxford, OX1 4PE",
    "city": "Oxford",
    "lat": 51.7400,
    "lng": -1.2580,
    "features": ["Self-Service", "Last Wash 9PM"],
    "openingHours": "Mon-Sun: 7:00am - 10:00pm",
    "website": "",
    "isPremium": false,
    "reviewCount": 8,
    "rating": 3.9
  },
  {
    "name": "Rub-a-dub-dub Kennington",
    "address": "11 Playfield Road, Kennington, Oxford, OX1 5RS",
    "city": "Oxford",
    "lat": 51.7190,
    "lng": -1.2400,
    "features": ["Wash & Fold Service", "Dry Cleaning Machine", "Attended Hours"],
    "openingHours": "Mon-Sun: 8:00am - 6:00pm",
    "website": "https://rubadubdublaunderette.co.uk/",
    "isPremium": true,
    "reviewCount": 12,
    "rating": 4.7
  },
  {
    "name": "Johnson's Dry Cleaners (Banbury Rd)",
    "address": "251 Banbury Road, Summertown, Oxford, OX2 7HN",
    "city": "Oxford",
    "lat": 51.7700,
    "lng": -1.2610,
    "features": ["Dry Cleaning", "Laundry Service", "Repairs & Alterations"],
    "openingHours": "Mon-Fri: 8:00am - 5:30pm, Sat: 8:00am - 5:00pm, Sun: Closed",
    "website": "https://www.johnsoncleaners.com/",
    "isPremium": true,
    "reviewCount": 5,
    "rating": 4.4
  },
  {
    "name": "Wheatley Laundrette",
    "address": "68 High Street, Wheatley, Oxford, OX33 1XP",
    "city": "Oxford",
    "lat": 51.7580,
    "lng": -1.0990,
    "features": ["Commercial Service", "Duvet Cleaning", "Self-Service"],
    "openingHours": "Self-Service: 7:30am - 9:30pm, Staffed: Mon, Wed 9:30am - 1:00pm",
    "website": "https://www.wheatleylaundry.co.uk/",
    "isPremium": false,
    "reviewCount": 10,
    "rating": 4.7
  },
  {
    "name": "Elite Dry Cleaners (Central)",
    "address": "27 New Inn Hall Street, Oxford, OX1 2DH",
    "city": "Oxford",
    "lat": 51.7530,
    "lng": -1.2580,
    "features": ["Dry Cleaning", "Specialist Cleaning", "Central Location"],
    "openingHours": "Mon-Sat: 9:00am - 5:30pm, Sun: Closed",
    "website": "",
    "isPremium": true,
    "reviewCount": 4,
    "rating": 4.5
  },
  {
    "name": "Zak Dry Cleaners Cowley Rd",
    "address": "65 Cowley Road, Oxford, OX4 1HR",
    "city": "Oxford",
    "lat": 51.7450,
    "lng": -1.2410,
    "features": ["Sewing/Tailoring", "Garment Alteration", "Laundry", "Key Cutting"],
    "openingHours": "Mon-Fri: 9:00am - 6:00pm, Sat: 9:00am - 5:00pm, Sun: Closed",
    "website": "http://www.zakdrycleaners.com/",
    "isPremium": true,
    "reviewCount": 6,
    "rating": 4.8
  },
  {
    "name": "Mill Road Launderette",
    "address": "161 Mill Road, Cambridge, CB1 3AN",
    "city": "Cambridge",
    "lat": 52.1950,
    "lng": 0.1340,
    "features": ["Self-Service", "Coin-Operated", "Large Machines"],
    "openingHours": "Mon-Sun: 7:00am - 9:00pm",
    "website": "https://www.mywashing.co.uk/cambridge",
    "isPremium": false,
    "reviewCount": 25,
    "rating": 4.2
  },
  {
    "name": "Farthings Dry Cleaners (Milton Rd)",
    "address": "143 Milton Road, Cambridge, CB4 1XE",
    "city": "Cambridge",
    "lat": 52.2210,
    "lng": 0.1360,
    "features": ["Dry Cleaning", "Hand Finishing", "Repairs & Alterations", "Wedding Dresses"],
    "openingHours": "Mon-Fri: 8:00am - 6:00pm, Sat: 9:00am - 5:00pm, Sun: Closed",
    "website": "https://www.drycleanerscambridge.co.uk/",
    "isPremium": true,
    "reviewCount": 10,
    "rating": 4.8
  },
  {
    "name": "Cresta Laundry Services",
    "address": "21 Chesterton Rd, Cambridge, CB4 3BG (Est)",
    "city": "Cambridge",
    "lat": 52.2100,
    "lng": 0.1250,
    "features": ["Dry Cleaning (On-Site)", "Linen & Laundry", "Curtain Cleaning"],
    "openingHours": "Mon-Fri: 8:30am - 5:30pm, Sat: 9:00am - 4:00pm, Sun: Closed",
    "website": "http://www.cresta-drycleaningservices.co.uk/",
    "isPremium": true,
    "reviewCount": 8,
    "rating": 4.4
  },
  {
    "name": "WashXpress (Collection/Delivery)",
    "address": "Servicing Cambridge Area (Unit near Biggleswade)",
    "city": "Cambridge",
    "lat": 52.2050,
    "lng": 0.1300,
    "features": ["FREE Collection/Delivery", "Ironing", "Duvet Cleaning", "72hr Turnaround"],
    "openingHours": "Collection/Delivery Only (Mon-Fri)",
    "website": "https://www.washxpress.co.uk/",
    "isPremium": false,
    "reviewCount": 5,
    "rating": 4.7
  },
  {
    "name": "Cambridge Clean Sheets",
    "address": "Servicing Cambridge Area (Unit in Milton)",
    "city": "Cambridge",
    "lat": 52.2250,
    "lng": 0.1400,
    "features": ["Pick-up Service", "Dry Cleaning", "Next Day Delivery (Free)"],
    "openingHours": "Collection/Delivery Only (Mon-Sat)",
    "website": "https://cambridgecleansheets.com/",
    "isPremium": true,
    "reviewCount": 6,
    "rating": 4.9
  },
  {
    "name": "Romsey Launderette",
    "address": "128 Tenison Rd, Cambridge, CB1 2DS (Est)",
    "city": "Cambridge",
    "lat": 52.1960,
    "lng": 0.1300,
    "features": ["Self-Service", "Attended (Partial)", "Local Service"],
    "openingHours": "Mon-Sun: 8:00am - 8:00pm",
    "website": "",
    "isPremium": false,
    "reviewCount": 10,
    "rating": 4.0
  },
  {
    "name": "Schoffields Dry Cleaners & Launderette",
    "address": "25 Herlington, Orton Malborne, Peterborough, PE2 5PN",
    "city": "Peterborough",
    "lat": 52.5400,
    "lng": -0.2830,
    "features": ["Coin-Op Launderette", "Dry Cleaning (On-Site)", "Repairs & Alterations"],
    "openingHours": "Mon-Wed, Fri: 9:00am - 4:30pm, Thu: 9:00am - 2:00pm, Sat: 9:00am - 4:00pm, Sun: Closed",
    "website": "http://www.schoffields.com/",
    "isPremium": true,
    "reviewCount": 4,
    "rating": 4.0
  },
  {
    "name": "Werrington Launderama",
    "address": "74 Storrington Way, Werrington, Peterborough, PE4 6QP",
    "city": "Peterborough",
    "lat": 52.6000,
    "lng": -0.2600,
    "features": ["Self-Service (Cash Only)", "Service Wash", "Attended Hours"],
    "openingHours": "Mon-Tue, Thu-Sun: 7:30am - 6:00pm, Wed: Closed",
    "website": "",
    "isPremium": false,
    "reviewCount": 15,
    "rating": 4.3
  },
  {
    "name": "Easywash Laundry & Dry Cleaners",
    "address": "Werrington Centre, Peterborough, PE4 6JD (Est)",
    "city": "Peterborough",
    "lat": 52.6010,
    "lng": -0.2620,
    "features": ["Service Washing", "Ironing", "Dry Cleaning", "Collection Available"],
    "openingHours": "Mon-Sat: 9:00am - 5:00pm, Sun: Closed",
    "website": "https://www.easywashlaundry.co.uk/",
    "isPremium": true,
    "reviewCount": 5,
    "rating": 4.7
  },
  {
    "name": "Wash.ME (Orton Goldhay)",
    "address": "Orton Goldhay, Peterborough, PE2 5TD",
    "city": "Peterborough",
    "lat": 52.5450,
    "lng": -0.2850,
    "features": ["24/7 Outdoor Machine", "Large Capacity", "Contactless Payment"],
    "openingHours": "24/7",
    "website": "https://stores.revolution-laundry.com/",
    "isPremium": false,
    "reviewCount": 10,
    "rating": 4.0
  },
  {
    "name": "Wash.ME (Park Garage Northmead)",
    "address": "Lincoln Rd, Peterborough, PE4 6AX",
    "city": "Peterborough",
    "lat": 52.5920,
    "lng": -0.2520,
    "features": ["24/7 Outdoor Machine", "Large Capacity", "Self-Service"],
    "openingHours": "24/7",
    "website": "https://stores.revolution-laundry.com/",
    "isPremium": false,
    "reviewCount": 8,
    "rating": 3.8
  },
  {
    "name": "City Centre Launderette Peterborough",
    "address": "12 Cross St, Peterborough, PE1 5XA (Est)",
    "city": "Peterborough",
    "lat": 52.5700,
    "lng": -0.2390,
    "features": ["Self-Service", "Attended (Partial)", "City Centre"],
    "openingHours": "Mon-Sat: 8:00am - 6:00pm, Sun: Closed",
    "website": "",
    "isPremium": false,
    "reviewCount": 6,
    "rating": 4.1
  },
  {
    "name": "Stanground Launderette",
    "address": "15 Main St, Stanground, Peterborough, PE2 8DR (Est)",
    "city": "Peterborough",
    "lat": 52.5530,
    "lng": -0.2280,
    "features": ["Launderette", "Duvet Cleaning", "Local Service"],
    "openingHours": "Mon-Sat: 9:00am - 5:00pm, Sun: Closed",
    "website": "",
    "isPremium": false,
    "reviewCount": 4,
    "rating": 4.5
  },
  {
    "name": "Easy Ironing Peterborough",
    "address": "20 Fengate, Peterborough, PE1 5BA (Est)",
    "city": "Peterborough",
    "lat": 52.5780,
    "lng": -0.2250,
    "features": ["Ironing Service", "Collection/Delivery", "Laundry Service"],
    "openingHours": "Mon-Fri: 8:00am - 5:00pm, Sat-Sun: Closed",
    "website": "",
    "isPremium": true,
    "reviewCount": 3,
    "rating": 4.9
  },
  {
    "name": "Netherton Launderette",
    "address": "20 Long Causeway, Peterborough, PE1 1YA (Est)",
    "city": "Peterborough",
    "lat": 52.5720,
    "lng": -0.2400,
    "features": ["Self-Service", "Attended", "Fast Machines"],
    "openingHours": "Mon-Sun: 7:30am - 8:30pm",
    "website": "",
    "isPremium": false,
    "reviewCount": 7,
    "rating": 4.2
  },
  {
    "name": "Woodston Launderette",
    "address": "10 Oundle Rd, Woodston, Peterborough, PE2 9PE (Est)",
    "city": "Peterborough",
    "lat": 52.5600,
    "lng": -0.2520,
    "features": ["Launderette", "Coin-Op", "Drying Facilities"],
    "openingHours": "Mon-Sat: 8:00am - 6:00pm, Sun: Closed",
    "website": "",
    "isPremium": false,
    "reviewCount": 5,
    "rating": 4.0
  }
]
