[
  {
    "name": "Love2Laundry Huntingdon (Collection/Delivery)",
    "address": "Servicing PE postcodes (Virtual Listing)",
    "city": "Huntingdon",
    "lat": 52.3333,
    "lng": -0.1667,
    "features": ["Collection/Delivery", "24hr Turnaround", "App Service", "Dry Cleaning"],
    "openingHours": "24/7 Booking",
    "website": "https://www.love2laundry.com/",
    "isPremium": true,
    "reviewCount": 15,
    "rating": 4.6
  },
  {
    "name": "Happy Ironing Co. (Huntingdon)",
    "address": "7 Pound Rd, Huntingdon, PE28 9EA",
    "city": "Huntingdon",
    "lat": 52.3080,
    "lng": -0.1950,
    "features": ["Ironing Service", "Laundry Service", "Free Pick up/Delivery"],
    "openingHours": "Mon-Fri: 8:00am - 8:00pm, Sat-Sun: Closed",
    "website": "https://www.yell.com/biz/happy-ironing-co-huntingdon-10255555/",
    "isPremium": true,
    "reviewCount": 10,
    "rating": 5.0
  },
  {
    "name": "Timpson Dry Cleaners (Tesco Huntingdon)",
    "address": "Abbots Ripton Road, Sapley, Huntingdon, PE28 2LA",
    "city": "Huntingdon",
    "lat": 52.3530,
    "lng": -0.1750,
    "features": ["Dry Cleaning", "Key Cutting", "Watch Repair", "Shoe Repair"],
    "openingHours": "Mon-Sat: 9:00am - 6:00pm, Sun: 10:00am - 4:00pm",
    "website": "https://www.timpson.co.uk/",
    "isPremium": false,
    "reviewCount": 8,
    "rating": 4.5
  },
  {
    "name": "Steam Away Ironing Services",
    "address": "108 Percy Green Place, Huntingdon, PE29 6TZ",
    "city": "Huntingdon",
    "lat": 52.3360,
    "lng": -0.1800,
    "features": ["Ironing Service", "Professional Service", "Local Focus"],
    "openingHours": "Mon-Fri: 8:30am - 5:30pm, Sat-Sun: Closed",
    "website": "https://www.yell.com/biz/steam-away-ironing-services-huntingdon-901458021/",
    "isPremium": false,
    "reviewCount": 5,
    "rating": 5.0
  },
  {
    "name": "Kleanco Dry Cleaners (Ramsey)",
    "address": "10a Great Whyte, Ramsey, Huntingdon, PE26 1HA",
    "city": "Huntingdon",
    "lat": 52.4450,
    "lng": -0.0910,
    "features": ["Dry Cleaning", "Alterations", "Local Agent"],
    "openingHours": "Mon-Fri: 9:00am - 5:00pm, Sat: 9:00am - 12:30pm, Sun: Closed",
    "website": "https://www.yell.com/biz/kleanco-dry-cleaners-huntingdon-8928323/",
    "isPremium": false,
    "reviewCount": 3,
    "rating": 3.9
  },
  {
    "name": "The Ironing Fairy (St Ives)",
    "address": "28 Elm Drive, St Ives, PE27 6TH",
    "city": "Huntingdon",
    "lat": 52.3350,
    "lng": -0.0760,
    "features": ["Ironing Service", "Speedy Service", "Highly Recommended"],
    "openingHours": "Mon-Fri: 9:00am - 6:00pm, Sat-Sun: Closed",
    "website": "https://www.yell.com/biz/ironing-fairy-st-ives-901458021/",
    "isPremium": false,
    "reviewCount": 7,
    "rating": 5.0
  },
  {
    "name": "St Neots Launderette",
    "address": "2 High St, St Neots, PE19 1BY (Est)",
    "city": "Huntingdon",
    "lat": 52.2270,
    "lng": -0.2700,
    "features": ["Town Centre", "Self-Service", "Service Wash"],
    "openingHours": "Mon-Sun: 7:00am - 8:00pm",
    "website": "",
    "isPremium": false,
    "reviewCount": 5,
    "rating": 4.1
  },
  {
    "name": "Sawtry Launderette",
    "address": "22 Greenfields, Sawtry, PE28 5UZ (Est)",
    "city": "Huntingdon",
    "lat": 52.4200,
    "lng": -0.2500,
    "features": ["Village Launderette", "Coin-Op"],
    "openingHours": "Mon-Sun: 6:00am - 10:00pm",
    "website": "",
    "isPremium": false,
    "reviewCount": 2,
    "rating": 3.5
  },
  {
    "name": "Godmanchester Laundry",
    "address": "15 London Rd, Godmanchester, PE29 2HZ (Est)",
    "city": "Huntingdon",
    "lat": 52.3270,
    "lng": -0.1700,
    "features": ["Service Wash", "Commercial", "Duvet Cleaning"],
    "openingHours": "Mon-Fri: 8:00am - 5:00pm, Sat: 8:00am - 1:00pm, Sun: Closed",
    "website": "",
    "isPremium": false,
    "reviewCount": 4,
    "rating": 4.0
  },
  {
    "name": "Ramsey Wash ME",
    "address": "Bury Rd, Bury, Huntingdon, PE26 1NE (Outdoor)",
    "city": "Huntingdon",
    "lat": 52.4500,
    "lng": -0.0600,
    "features": ["24/7 Outdoor Machine", "Large Capacity", "Card Payment"],
    "openingHours": "24/7",
    "website": "https://stores.revolution-laundry.com/",
    "isPremium": false,
    "reviewCount": 3,
    "rating": 4.3
  },
  {
    "name": "Queens Drive Laundry & Launderette",
    "address": "90 Queens Drive, Bedford, MK41 9BS",
    "city": "Bedford",
    "lat": 52.1460,
    "lng": -0.4700,
    "features": ["Service Wash", "Duvet Wash", "Ironing Service", "Attended Hours"],
    "openingHours": "Mon-Fri: 8:30am - 7:00pm, Sat-Sun: 8:30am - 7:00pm",
    "website": "https://www.queensdrivelaundry.co.uk/launderette/",
    "isPremium": true,
    "reviewCount": 15,
    "rating": 4.5
  },
  {
    "name": "Love2Laundry Bedford (Collection/Delivery)",
    "address": "Servicing MK postcodes (Virtual Listing)",
    "city": "Bedford",
    "lat": 52.1360,
    "lng": -0.4650,
    "features": ["Collection/Delivery", "24hr Turnaround", "App Service", "Dry Cleaning"],
    "openingHours": "24/7 Booking",
    "website": "https://www.love2laundry.com/",
    "isPremium": true,
    "reviewCount": 18,
    "rating": 4.6
  },
  {
    "name": "Aqua Laundry Services",
    "address": "23 St Peter's St, Bedford, MK40 2PN",
    "city": "Bedford",
    "lat": 52.1380,
    "lng": -0.4710,
    "features": ["Self-Service", "Contactless Payment", "Wash & Fold", "City Centre"],
    "openingHours": "Mon-Sun: 7:00am - 10:00pm",
    "website": "https://www.aqualaundryservice.co.uk/",
    "isPremium": true,
    "reviewCount": 12,
    "rating": 4.8
  },
  {
    "name": "Garfield Launderette",
    "address": "48 Garfield St, Bedford, MK41 7RZ",
    "city": "Bedford",
    "lat": 52.1450,
    "lng": -0.4400,
    "features": ["Launderette", "Ironing Service", "Reasonably Priced"],
    "openingHours": "Mon-Fri: 8:00am - 7:00pm, Sat-Sun: Closed",
    "website": "https://www.yell.com/biz/garfield-launderette-bedford-901458021/",
    "isPremium": false,
    "reviewCount": 4,
    "rating": 4.0
  },
  {
    "name": "The Fairway Launderette",
    "address": "1 The Fairway, Bedford, MK41 9HD",
    "city": "Bedford",
    "lat": 52.1550,
    "lng": -0.4780,
    "features": ["Self-Service", "Clean Premises", "Free Parking"],
    "openingHours": "Mon-Fri: 8:00am - 7:00pm, Sat-Sun: 8:00am - 7:00pm",
    "website": "https://www.yell.com/biz/the-fairway-launderette-bedford-901458021/",
    "isPremium": false,
    "reviewCount": 5,
    "rating": 5.0
  },
  {
    "name": "Timpson Dry Cleaners (Tesco Bedford)",
    "address": "Riverfield Drive, Bedford, MK41 0SF",
    "city": "Bedford",
    "lat": 52.1480,
    "lng": -0.4250,
    "features": ["Dry Cleaning", "Duvet Cleaning", "Repairs/Alterations"],
    "openingHours": "Mon-Sat: 9:00am - 6:00pm, Sun: 10:00am - 4:00pm",
    "website": "https://www.johnsoncleaners.com/branch/bedford-tesco/",
    "isPremium": false,
    "reviewCount": 7,
    "rating": 4.4
  },
  {
    "name": "Flitwick Launderette",
    "address": "1 Station Rd, Flitwick, MK45 1LA (Est)",
    "city": "Bedford",
    "lat": 52.0080,
    "lng": -0.4850,
    "features": ["Self-Service", "Town Focus"],
    "openingHours": "Mon-Sun: 7:00am - 9:00pm",
    "website": "",
    "isPremium": false,
    "reviewCount": 3,
    "rating": 4.1
  },
  {
    "name": "Biggleswade Launderette",
    "address": "2 High St, Biggleswade, SG18 0AA (Est)",
    "city": "Bedford",
    "lat": 52.0910,
    "lng": -0.2640,
    "features": ["Coin-Op", "Service Wash (Partial)"],
    "openingHours": "Mon-Sat: 8:00am - 6:00pm, Sun: Closed",
    "website": "",
    "isPremium": false,
    "reviewCount": 2,
    "rating": 3.8
  },
  {
    "name": "Ampthill Launderette",
    "address": "20 Church St, Ampthill, MK45 2TH (Est)",
    "city": "Bedford",
    "lat": 52.0280,
    "lng": -0.4900,
    "features": ["Service Wash", "Dry Cleaning Agent"],
    "openingHours": "Mon-Fri: 9:00am - 5:00pm, Sat: 9:00am - 1:00pm, Sun: Closed",
    "website": "",
    "isPremium": false,
    "reviewCount": 1,
    "rating": 4.5
  },
  {
    "name": "Kempston Launderette",
    "address": "20 High Street, Kempston, MK42 7BN (Est)",
    "city": "Bedford",
    "lat": 52.1280,
    "lng": -0.5000,
    "features": ["Self-Service", "Local Focus"],
    "openingHours": "Mon-Sun: 7:30am - 8:00pm",
    "website": "",
    "isPremium": false,
    "reviewCount": 3,
    "rating": 4.0
  },
  {
    "name": "Love2Laundry Wellingborough (Collection/Delivery)",
    "address": "Servicing NN postcodes (Virtual Listing)",
    "city": "Wellingborough",
    "lat": 52.3020,
    "lng": -0.6920,
    "features": ["Collection/Delivery", "24hr Turnaround", "App Service", "Dry Cleaning"],
    "openingHours": "24/7 Booking",
    "website": "https://www.love2laundry.com/",
    "isPremium": true,
    "reviewCount": 15,
    "rating": 4.6
  },
  {
    "name": "Croyland Cleaners & Launderette",
    "address": "10-12 Midland Rd, Wellingborough, NN8 1HP (Est)",
    "city": "Wellingborough",
    "lat": 52.3080,
    "lng": -0.6860,
    "features": ["Dry Cleaning", "Duvet Cleaning", "Alterations", "Long Established (Since 1958)"],
    "openingHours": "Mon-Fri: 8:30am - 5:30pm, Sat: 8:30am - 4:00pm, Sun: Closed",
    "website": "https://croylanddrycleaners.co.uk/",
    "isPremium": true,
    "reviewCount": 12,
    "rating": 4.7
  },
  {
    "name": "Fabric Care Dry Cleaners (Wellingborough)",
    "address": "Unit 4 Berrymoor Court, Wellingborough, NN8 2DL",
    "city": "Wellingborough",
    "lat": 52.3000,
    "lng": -0.7050,
    "features": ["Dry Cleaning", "Laundry Service", "Wet Cleaning", "Express Delivery"],
    "openingHours": "Mon-Fri: 9:00am - 5:00pm, Sat: 9:00am - 1:00pm, Sun: Closed",
    "website": "https://fabriccaredrycleaners.com/",
    "isPremium": false,
    "reviewCount": 8,
    "rating": 4.8
  },
  {
    "name": "Ward Workwear Services (Commercial)",
    "address": "Unit 57 Leyland Trading Estate, Wellingborough, NN8 1RS",
    "city": "Wellingborough",
    "lat": 52.3000,
    "lng": -0.6850,
    "features": ["Commercial Focus", "Workwear Rental", "High-Volume Laundry"],
    "openingHours": "Mon-Fri: 7:30am - 5:30pm, Sat-Sun: Closed",
    "website": "https://www.yell.com/biz/ward-workwear-services-wellingborough-4022219/",
    "isPremium": false,
    "reviewCount": 3,
    "rating": 4.0
  },
  {
    "name": "Rushden Launderette",
    "address": "2 High St South, Rushden, NN10 0QX (Est)",
    "city": "Wellingborough",
    "lat": 52.2850,
    "lng": -0.6000,
    "features": ["Self-Service", "Town Focus", "Coin-Op"],
    "openingHours": "Mon-Sun: 7:00am - 9:00pm",
    "website": "",
    "isPremium": false,
    "reviewCount": 5,
    "rating": 4.2
  },
  {
    "name": "Kettering Launderette",
    "address": "15 Market St, Kettering, NN16 0AH (Est)",
    "city": "Wellingborough",
    "lat": 52.3950,
    "lng": -0.7250,
    "features": ["Self-Service", "Duvet Cleaning"],
    "openingHours": "Mon-Sat: 8:00am - 6:00pm, Sun: 9:00am - 4:00pm",
    "website": "",
    "isPremium": false,
    "reviewCount": 6,
    "rating": 4.3
  },
  {
    "name": "Corby Launderette",
    "address": "11 Corporation St, Corby, NN17 1NY (Est)",
    "city": "Wellingborough",
    "lat": 52.4980,
    "lng": -0.6870,
    "features": ["Coin-Op", "Ironing Agent"],
    "openingHours": "Mon-Sun: 7:30am - 8:30pm",
    "website": "",
    "isPremium": false,
    "reviewCount": 4,
    "rating": 3.9
  },
  {
    "name": "Higham Ferrers Launderette",
    "address": "2 High St, Higham Ferrers, NN10 8BW (Est)",
    "city": "Wellingborough",
    "lat": 52.2900,
    "lng": -0.5850,
    "features": ["Village Launderette", "Service Wash"],
    "openingHours": "Mon-Fri: 9:00am - 5:00pm, Sat: 9:00am - 1:00pm, Sun: Closed",
    "website": "",
    "isPremium": false,
    "reviewCount": 1,
    "rating": 4.5
  },
  {
    "name": "Thrapston Launderette",
    "address": "12 Market St, Thrapston, NN14 4JJ (Est)",
    "city": "Wellingborough",
    "lat": 52.4080,
    "lng": -0.5300,
    "features": ["Small Town Focus", "Self-Service"],
    "openingHours": "Mon-Sun: 7:00am - 8:00pm",
    "website": "",
    "isPremium": false,
    "reviewCount": 2,
    "rating": 3.8
  },
  {
    "name": "Irthlingborough Launderette",
    "address": "2 High St, Irthlingborough, NN9 5TB (Est)",
    "city": "Wellingborough",
    "lat": 52.3270,
    "lng": -0.5900,
    "features": ["Village Launderette", "Duvet Cleaning"],
    "openingHours": "Mon-Sun: 7:00am - 8:00pm",
    "website": "",
    "isPremium": false,
    "reviewCount": 3,
    "rating": 4.0
  }
]
