[
  {
    "name": "Molly's Laundrette (Academy St)",
    "address": "114 Academy St, Inverness, IV1 1LX",
    "city": "Inverness",
    "lat": 57.4780,
    "lng": -4.2250,
    "features": ["Self-Service", "Coin-Op", "Free WiFi", "Coffee Shop", "Tourist Focus (Camper Vans)"],
    "openingHours": "Mon-Fri: 9:00am - 6:00pm, Sat: 9:00am - 6:00pm, Sun: Closed (Self-service may be longer)",
    "website": "https://invernesslaundrette.co.uk/",
    "isPremium": true,
    "reviewCount": 20,
    "rating": 5.0
  },
  {
    "name": "Highland Laundry Room Ltd",
    "address": "Unit 3, 5 Harbour Rd, Inverness, IV1 1SY",
    "city": "Inverness",
    "lat": 57.4850,
    "lng": -4.2180,
    "features": ["Commercial Focus", "Service Wash", "Same Day Service", "Pickup & Delivery"],
    "openingHours": "Mon-Fri: 7:00am - 1:30pm (Attended), Sat-Sun: Closed",
    "website": "https://highlandlaundryroom.co.uk/",
    "isPremium": true,
    "reviewCount": 27,
    "rating": 4.4
  },
  {
    "name": "ICON LAUNDRY (Academy St)",
    "address": "89 Academy St, Inverness, IV1 1LU",
    "city": "Inverness",
    "lat": 57.4770,
    "lng": -4.2260,
    "features": ["Drop Off/Collection", "Commercial Contracts", "Central Location"],
    "openingHours": "Mon-Fri: 9:00am - 5:00pm, Sat: 10:00am - 3:00pm, Sun: Closed",
    "website": "https://iconlaundry.co.uk/",
    "isPremium": false,
    "reviewCount": 5,
    "rating": 4.0
  },
  {
    "name": "New City Launderette (Young St)",
    "address": "17 Young St, Inverness, IV3 5BL (Est)",
    "city": "Inverness",
    "lat": 57.4810,
    "lng": -4.2380,
    "features": ["Self-Service", "Coin-Op", "Duvet Cleaning"],
    "openingHours": "Mon-Sun: 7:00am - 8:00pm",
    "website": "https://www.yell.com/biz/new-city-launderette-inverness-221650/",
    "isPremium": false,
    "reviewCount": 8,
    "rating": 4.2
  },
  {
    "name": "Thirty Degrees Laundry (Church St)",
    "address": "84 Church St, Inverness, IV1 1EN (Est)",
    "city": "Inverness",
    "lat": 57.4800,
    "lng": -4.2270,
    "features": ["Service Wash", "Ironing", "Dry Cleaning", "Commercial Focus"],
    "openingHours": "Mon-Fri: 9:00am - 5:00pm, Sat-Sun: Closed",
    "website": "https://www.thirty-degrees.co.uk/",
    "isPremium": false,
    "reviewCount": 3,
    "rating": 4.0
  },
  {
    "name": "Alba Laundry Services (Burnett Rd)",
    "address": "Unit 4 5-9 Burnett Rd, Inverness, IV1 1TF (Est)",
    "city": "Inverness",
    "lat": 57.4840,
    "lng": -4.2150,
    "features": ["Commercial Focus", "High Volume Laundry"],
    "openingHours": "Mon-Fri: 8:00am - 4:00pm, Sat-Sun: Closed",
    "website": "https://www.yell.com/biz/alba-laundry-services-inverness-221650/",
    "isPremium": false,
    "reviewCount": 1,
    "rating": 4.5
  },
  {
    "name": "Beauly Launderette & Dry Cleaners Ltd",
    "address": "Station Rd, Beauly, IV4 7EH",
    "city": "Inverness",
    "lat": 57.4800,
    "lng": -4.4750,
    "features": ["Launderette", "Dry Cleaning", "Collection/Delivery (Wide Area)"],
    "openingHours": "Mon-Fri: 9:00am - 5:00pm, Sat: 9:00am - 12:00pm, Sun: Closed",
    "website": "https://www.yell.com/biz/beauly-launderette-and-dry-cleaners-ltd-beauly-221650/",
    "isPremium": false,
    "reviewCount": 4,
    "rating": 3.0
  },
  {
    "name": "Dingwall Ironing Bored",
    "address": "1 Hill St, Dingwall, IV15 9JP (Est)",
    "city": "Inverness",
    "lat": 57.5950,
    "lng": -4.4150,
    "features": ["Ironing Service", "Laundry", "Collection/Delivery"],
    "openingHours": "Mon-Fri: 9:00am - 5:00pm, Sat-Sun: Closed",
    "website": "https://www.yell.com/biz/ironing-bored-dingwall-901458021/",
    "isPremium": false,
    "reviewCount": 1,
    "rating": 5.0
  },
  {
    "name": "Tain Launderette",
    "address": "10 High St, Tain, IV19 1AD (Est)",
    "city": "Inverness",
    "lat": 57.8050,
    "lng": -4.0580,
    "features": ["Self-Service", "Duvet Cleaning", "Rural Focus"],
    "openingHours": "Mon-Sun: 8:00am - 7:00pm",
    "website": "",
    "isPremium": false,
    "reviewCount": 2,
    "rating": 4.1
  },
  {
    "name": "Nairn Launderette",
    "address": "12 High St, Nairn, IV12 4AB (Est)",
    "city": "Inverness",
    "lat": 57.5850,
    "lng": -3.8750,
    "features": ["Town Centre", "Service Wash", "Self-Service"],
    "openingHours": "Mon-Sat: 9:00am - 5:00pm, Sun: Closed",
    "website": "",
    "isPremium": false,
    "reviewCount": 3,
    "rating": 4.3
  },
  {
    "name": "Squeeky Clean (Cathedral Rd)",
    "address": "10 Cathedral Rd, Armagh, BT61 7QX",
    "city": "Armagh",
    "lat": 54.3490,
    "lng": -6.6530,
    "features": ["Dry Cleaning", "Launderette", "Service Wash", "Established Business"],
    "openingHours": "Mon-Sat: 8:30am - 6:00pm, Sun: Closed",
    "website": "https://www.yell.com/biz/squeeky-clean-armagh-5911182/",
    "isPremium": true,
    "reviewCount": 18,
    "rating": 4.5
  },
  {
    "name": "Presswell Dry Cleaners",
    "address": "3 Scotch St, Armagh, BT61 7BG (Est)",
    "city": "Armagh",
    "lat": 54.3520,
    "lng": -6.6540,
    "features": ["Dry Cleaning", "Duvets", "Wedding Attire", "Key Cutting"],
    "openingHours": "Mon-Sat: 9:00am - 5:00pm, Sun: Closed",
    "website": "https://presswelldrycleaners.co.uk/",
    "isPremium": false,
    "reviewCount": 5,
    "rating": 4.7
  },
  {
    "name": "Armagh Revolution Laundry (Spires)",
    "address": "Moy Rd, Armagh, BT61 8DB (Outdoor)",
    "city": "Armagh",
    "lat": 54.3640,
    "lng": -6.6570,
    "features": ["24/7 Outdoor Machine", "Card Payment", "Large Capacity"],
    "openingHours": "24/7",
    "website": "https://stores.revolution-laundry.com/",
    "isPremium": false,
    "reviewCount": 3,
    "rating": 4.0
  },
  {
    "name": "Whitegates Launderette (Newry Area)",
    "address": "3 Chapel Rd, Newry, BT35 8JY (Virtual Listing)",
    "city": "Armagh",
    "lat": 54.1700,
    "lng": -6.3400,
    "features": ["Laundry Services", "Ironing Service", "Domestic & Commercial"],
    "openingHours": "Mon-Fri: 9:00am - 5:30pm, Sat-Sun: Closed",
    "website": "https://www.yell.com/biz/whitegates-launderette-newry-10255556/",
    "isPremium": true,
    "reviewCount": 5,
    "rating": 5.0
  },
  {
    "name": "Keady Laundrette",
    "address": "52 Main St, Keady, BT60 3ST (Est)",
    "city": "Armagh",
    "lat": 54.2790,
    "lng": -6.7050,
    "features": ["Town Centre", "Self-Service", "Service Wash"],
    "openingHours": "Mon-Sat: 9:00am - 5:00pm, Sun: Closed",
    "website": "",
    "isPremium": false,
    "reviewCount": 1,
    "rating": 4.1
  },
  {
    "name": "Portadown Laundry Services",
    "address": "12 High St, Portadown, BT62 1LU (Est)",
    "city": "Armagh",
    "lat": 54.4250,
    "lng": -6.4430,
    "features": ["Commercial/Domestic", "Dry Cleaning", "Quick Turnaround"],
    "openingHours": "Mon-Sat: 8:00am - 6:00pm, Sun: Closed",
    "website": "",
    "isPremium": false,
    "reviewCount": 4,
    "rating": 4.2
  },
  {
    "name": "Linen Green Launderette (Dungannon)",
    "address": "3 Linen Green, Dungannon, BT71 7ER (Est)",
    "city": "Armagh",
    "lat": 54.5100,
    "lng": -6.7450,
    "features": ["Service Wash", "Boutique Focus"],
    "openingHours": "Mon-Sat: 9:00am - 5:00pm, Sun: Closed",
    "website": "",
    "isPremium": false,
    "reviewCount": 2,
    "rating": 4.5
  },
  {
    "name": "Banbridge Laundrette",
    "address": "45b Bridge St, Banbridge, BT32 3JL",
    "city": "Armagh",
    "lat": 54.3480,
    "lng": -6.2730,
    "features": ["Launderette", "Self-Service", "Duvet Cleaning"],
    "openingHours": "Mon-Sat: 8:00am - 6:00pm, Sun: Closed",
    "website": "https://www.yell.com/biz/banbridge-launderette-banbridge-901458021/",
    "isPremium": false,
    "reviewCount": 4,
    "rating": 4.0
  },
  {
    "name": "Crossmaglen Revolution Laundry",
    "address": "8 Newry Rd, Crossmaglen, BT35 9BN (Outdoor)",
    "city": "Armagh",
    "lat": 54.0750,
    "lng": -6.5950,
    "features": ["24/7 Outdoor Machine", "Card Payment"],
    "openingHours": "24/7",
    "website": "https://stores.revolution-laundry.com/",
    "isPremium": false,
    "reviewCount": 1,
    "rating": 4.0
  },
  {
    "name": "Warwick Dry Cleaners (Lurgan)",
    "address": "52 Market St, Lurgan, BT66 6AR (Est)",
    "city": "Armagh",
    "lat": 54.4640,
    "lng": -6.3350,
    "features": ["Dry Cleaning", "Wedding Dresses", "Formal Wear"],
    "openingHours": "Mon-Sat: 9:00am - 5:00pm, Sun: Closed",
    "website": "",
    "isPremium": false,
    "reviewCount": 3,
    "rating": 4.5
  },
  {
    "name": "PC Dry Cleaning & Laundry Services Ltd",
    "address": "Unit 7, Orchard Business Park, Pennyburn Ind Est, BT48 0LU",
    "city": "Londonderry",
    "lat": 55.0150,
    "lng": -7.3450,
    "features": ["Dry Cleaning", "Laundry", "Ironing Service", "Free Collection/Delivery"],
    "openingHours": "Mon-Fri: 9:00am - 5:00pm, Sat-Sun: Closed",
    "website": "https://www.pcdryclean.co.uk/",
    "isPremium": true,
    "reviewCount": 3,
    "rating": 5.0
  },
  {
    "name": "Londonderry Revolution Laundry (Strand Rd)",
    "address": "173 Strand Road, Londonderry, BT48 7PU (Outdoor)",
    "city": "Londonderry",
    "lat": 55.0080,
    "lng": -7.3300,
    "features": ["24/7 Outdoor Machine", "Card Payment", "Large Capacity"],
    "openingHours": "24/7",
    "website": "https://stores.revolution-laundry.com/",
    "isPremium": false,
    "reviewCount": 2,
    "rating": 4.2
  },
  {
    "name": "Cityside Launderette",
    "address": "3 Waterside St, Londonderry, BT47 6DX (Est)",
    "city": "Londonderry",
    "lat": 54.9900,
    "lng": -7.3150,
    "features": ["Self-Service", "Service Wash", "Duvet Cleaning"],
    "openingHours": "Mon-Sat: 8:00am - 6:00pm, Sun: Closed",
    "website": "",
    "isPremium": false,
    "reviewCount": 4,
    "rating": 4.0
  },
  {
    "name": "Creggan Launderette",
    "address": "10 Central Drive, Londonderry, BT48 9QJ (Est)",
    "city": "Londonderry",
    "lat": 55.0050,
    "lng": -7.3550,
    "features": ["Community Focus", "Coin-Op"],
    "openingHours": "Mon-Sun: 7:00am - 8:00pm",
    "website": "",
    "isPremium": false,
    "reviewCount": 1,
    "rating": 3.7
  },
  {
    "name": "The Washing Well (Coleraine)",
    "address": "100 Waterside, Coleraine, BT52 1AX (Est)",
    "city": "Londonderry",
    "lat": 55.1300,
    "lng": -6.6600,
    "features": ["Self-Service", "Service Wash", "Dry Cleaning Agent"],
    "openingHours": "Mon-Sat: 9:00am - 5:00pm, Sun: Closed",
    "website": "https://www.yell.com/biz/the-washing-well-coleraine-901458021/",
    "isPremium": false,
    "reviewCount": 5,
    "rating": 4.5
  },
  {
    "name": "Portrush Washeteria",
    "address": "3a, The Promenade, Portrush, BT56 8AD",
    "city": "Londonderry",
    "lat": 55.2000,
    "lng": -6.6500,
    "features": ["Coastal Town", "Self-Service", "Duvet Cleaning"],
    "openingHours": "Mon-Sun: 7:00am - 9:00pm",
    "website": "https://www.yell.com/biz/portrush-washeteria-portrush-901458021/",
    "isPremium": false,
    "reviewCount": 3,
    "rating": 4.2
  },
  {
    "name": "Limavady Launderette",
    "address": "15 Main St, Limavady, BT49 0EP (Est)",
    "city": "Londonderry",
    "lat": 55.0500,
    "lng": -6.9500,
    "features": ["Town Centre", "Service Wash", "Ironing"],
    "openingHours": "Mon-Fri: 9:00am - 5:00pm, Sat: 9:00am - 1:00pm, Sun: Closed",
    "website": "",
    "isPremium": false,
    "reviewCount": 1,
    "rating": 4.3
  },
  {
    "name": "Maghera Launderette",
    "address": "2 Church St, Maghera, BT46 5SL (Est)",
    "city": "Londonderry",
    "lat": 54.8450,
    "lng": -6.6900,
    "features": ["Self-Service", "Local Service"],
    "openingHours": "Mon-Sun: 7:30am - 9:00pm",
    "website": "",
    "isPremium": false,
    "reviewCount": 2,
    "rating": 3.9
  },
  {
    "name": "Coleraine Revolution Laundry",
    "address": "Knocklynn Rd, Coleraine, BT52 1WW (Outdoor Est)",
    "city": "Londonderry",
    "lat": 55.1380,
    "lng": -6.6550,
    "features": ["24/7 Outdoor Machine", "Card Payment"],
    "openingHours": "24/7",
    "website": "https://stores.revolution-laundry.com/",
    "isPremium": false,
    "reviewCount": 1,
    "rating": 4.0
  },
  {
    "name": "Causeway Laundry (Portrush)",
    "address": "68 Causeway St, Portrush, BT56 8AD",
    "city": "Londonderry",
    "lat": 55.2020,
    "lng": -6.6550,
    "features": ["Service Wash", "Dry Cleaning", "Tourist Focus"],
    "openingHours": "Mon-Sat: 9:00am - 5:00pm, Sun: Closed",
    "website": "https://www.yell.com/biz/causeway-laundry-portrush-901458021/",
    "isPremium": false,
    "reviewCount": 2,
    "rating": 4.4
  }
]
