[
  {
    "name": "Brynmill Launderette",
    "address": "121 Rhyddings Terrace, Brynmill, Swansea, SA2 0DS",
    "city": "Swansea",
    "lat": 51.6150,
    "lng": -3.9740,
    "features": ["Service Wash", "Commercial Laundry", "Free Pick Up & Delivery", "Same-Day Service"],
    "openingHours": "Mon-Sat: 8:00am - 6:30pm, Sun: 10:00am - 6:00pm",
    "website": "https://www.brynmilllaunderette.co.uk/",
    "isPremium": true,
    "reviewCount": 25,
    "rating": 5.0
  },
  {
    "name": "Kingsway Laundrette",
    "address": "79-80 The Kingsway, Swansea, SA1 5JE",
    "city": "Swansea",
    "lat": 51.6210,
    "lng": -3.9450,
    "features": ["Self-Service", "Wash & Dry", "Dry Cleaning", "Trainer Cleaning", "City Centre"],
    "openingHours": "Mon-Sat: 8:00am - 6:30pm, Sun: 10:00am - 6:00pm",
    "website": "https://kingswaylaunderette.co.uk/",
    "isPremium": true,
    "reviewCount": 18,
    "rating": 4.5
  },
  {
    "name": "Love2Laundry Swansea (Collection/Delivery)",
    "address": "Servicing SA postcodes (Virtual Listing)",
    "city": "Swansea",
    "lat": 51.6200,
    "lng": -3.9500,
    "features": ["Collection/Delivery", "24hr Turnaround", "App Service", "Dry Cleaning"],
    "openingHours": "24/7 Booking",
    "website": "https://www.love2laundry.com/",
    "isPremium": true,
    "reviewCount": 15,
    "rating": 4.6
  },
  {
    "name": "Uplands Launderette",
    "address": "73 Uplands Crescent, Swansea, SA2 0EX",
    "city": "Swansea",
    "lat": 51.6140,
    "lng": -3.9650,
    "features": ["Self-Service", "Local Service", "Student Focus"],
    "openingHours": "Mon-Sun: 7:00am - 9:00pm",
    "website": "https://www.yell.com/biz/uplands-launderette-swansea-9588661/",
    "isPremium": false,
    "reviewCount": 6,
    "rating": 3.7
  },
  {
    "name": "Sketty Kwik Wash Launderette",
    "address": "98 Gower Rd, Sketty, Swansea, SA2 9BZ",
    "city": "Swansea",
    "lat": 51.6100,
    "lng": -3.9850,
    "features": ["Coin-Op", "Quick Wash", "Local Focus"],
    "openingHours": "Mon-Sun: 8:00am - 8:00pm",
    "website": "https://www.yell.com/biz/sketty-kwik-wash-launderette-swansea-7300305/",
    "isPremium": false,
    "reviewCount": 4,
    "rating": 4.0
  },
  {
    "name": "Kandy's Launderette (Hafod)",
    "address": "16 Neath Rd, Hafod, Swansea, SA1 2ES",
    "city": "Swansea",
    "lat": 51.6400,
    "lng": -3.9350,
    "features": ["Self-Service", "Service Wash", "Alterations", "Dry Cleaning"],
    "openingHours": "Mon-Sat: 8:30am - 6:30pm, Sun: 10:00am - 5:00pm",
    "website": "https://kandylaunderette.com/",
    "isPremium": true,
    "reviewCount": 10,
    "rating": 4.8
  },
  {
    "name": "Mumbles Launderette",
    "address": "12 Newton Rd, Mumbles, SA3 4AT (Est)",
    "city": "Swansea",
    "lat": 51.5750,
    "lng": -3.9980,
    "features": ["Coastal Focus", "Service Wash", "Duvet Cleaning"],
    "openingHours": "Mon-Sat: 9:00am - 5:00pm, Sun: Closed",
    "website": "",
    "isPremium": false,
    "reviewCount": 3,
    "rating": 4.2
  },
  {
    "name": "Port Talbot Launderette (Whirlpool)",
    "address": "96 Talbot Rd, Port Talbot, SA13 1LB",
    "city": "Swansea",
    "lat": 51.5890,
    "lng": -3.7900,
    "features": ["Self-Service", "Service Wash", "Ironing"],
    "openingHours": "Mon-Sat: 9:30am - 6:00pm, Sun: Closed",
    "website": "https://www.yell.com/biz/whirlpool-launderette-ltd-port-talbot-901460592/",
    "isPremium": false,
    "reviewCount": 5,
    "rating": 4.0
  },
  {
    "name": "Neath Launderette (Skewen)",
    "address": "79 New Rd, Skewen, Neath, SA10 6HE",
    "city": "Swansea",
    "lat": 51.6590,
    "lng": -3.8580,
    "features": ["Launderette", "Dry Cleaning", "Duvet Cleaning"],
    "openingHours": "Mon-Fri: 9:30am - 5:00pm, Sat: 9:30am - 1:00pm, Sun: Closed",
    "website": "https://www.yell.com/biz/skewen-launderette-neath-7436066/",
    "isPremium": false,
    "reviewCount": 3,
    "rating": 3.5
  },
  {
    "name": "Gorseinon Launderette",
    "address": "10 High St, Gorseinon, SA4 4BY (Est)",
    "city": "Swansea",
    "lat": 51.6790,
    "lng": -4.0500,
    "features": ["Self-Service", "Town Focus"],
    "openingHours": "Mon-Sun: 7:00am - 9:00pm",
    "website": "",
    "isPremium": false,
    "reviewCount": 2,
    "rating": 3.9
  },
  {
    "name": "R & J Laundrette",
    "address": "105 Hereford Rd, Shrewsbury, SY3 7QZ",
    "city": "Shrewsbury",
    "lat": 52.6930,
    "lng": -2.7630,
    "features": ["Ironing & Laundry", "Service Wash", "Friendly Atmosphere"],
    "openingHours": "Mon-Fri: 9:00am - 5:00pm, Sat: 9:00am - 1:00pm, Sun: Closed",
    "website": "https://www.yell.com/biz/r-and-j-launderette-shrewsbury-10313437/",
    "isPremium": true,
    "reviewCount": 5,
    "rating": 5.0
  },
  {
    "name": "Morgans Dry Cleaners (Monkmoor)",
    "address": "55 Monkmoor Rd, Shrewsbury, SY2 5AS",
    "city": "Shrewsbury",
    "lat": 52.7110,
    "lng": -2.7380,
    "features": ["Eco Dry Cleaning", "Bridal Cleaning", "Duvet Cleaning", "Collection/Delivery"],
    "openingHours": "Mon-Fri: 8:30am - 5:00pm, Sat: 9:00am - 1:00pm, Sun: Closed",
    "website": "https://www.yell.com/biz/morgans-dry-cleaners-shrewsbury-10255554/",
    "isPremium": true,
    "reviewCount": 8,
    "rating": 4.8
  },
  {
    "name": "Love2Laundry Shrewsbury (Collection/Delivery)",
    "address": "Servicing SY postcodes (Virtual Listing)",
    "city": "Shrewsbury",
    "lat": 52.7050,
    "lng": -2.7500,
    "features": ["Collection/Delivery", "24hr Turnaround", "App Service", "Dry Cleaning"],
    "openingHours": "24/7 Booking",
    "website": "https://www.love2laundry.com/",
    "isPremium": true,
    "reviewCount": 10,
    "rating": 4.6
  },
  {
    "name": "Wash ME Launderette (Thieves Lane)",
    "address": "Park Garage Group Plc, Thieves Lane, Shrewsbury, SY2 6GF",
    "city": "Shrewsbury",
    "lat": 52.7050,
    "lng": -2.7550,
    "features": ["24/7 Outdoor Machine", "Large Capacity", "Card Payment"],
    "openingHours": "24/7",
    "website": "https://stores.revolution-laundry.com/",
    "isPremium": false,
    "reviewCount": 4,
    "rating": 4.0
  },
  {
    "name": "Pressed for Time (Shrewsbury)",
    "address": "10 Battlefield Court, Shrewsbury, SY1 4AR",
    "city": "Shrewsbury",
    "lat": 52.7350,
    "lng": -2.7500,
    "features": ["Ironing Service", "Laundry Service", "Collection/Delivery"],
    "openingHours": "Mon-Fri: 9:00am - 5:00pm, Sat: 9:00am - 12:00pm, Sun: Closed",
    "website": "https://www.yell.com/biz/pressed-for-time-shrewsbury-9382607/",
    "isPremium": true,
    "reviewCount": 6,
    "rating": 4.8
  },
  {
    "name": "Oswestry Launderette",
    "address": "40 Beatrice St, Oswestry, SY11 1AR (Est)",
    "city": "Shrewsbury",
    "lat": 52.8550,
    "lng": -3.0500,
    "features": ["Self-Service", "Service Wash", "Town Focus"],
    "openingHours": "Mon-Sun: 7:00am - 8:00pm",
    "website": "",
    "isPremium": false,
    "reviewCount": 3,
    "rating": 3.9
  },
  {
    "name": "Telford Launderette (Madeley)",
    "address": "2 High St, Madeley, Telford, TF7 5AU (Est)",
    "city": "Shrewsbury",
    "lat": 52.6500,
    "lng": -2.4500,
    "features": ["Launderette", "Coin-Op"],
    "openingHours": "Mon-Sun: 7:30am - 9:00pm",
    "website": "",
    "isPremium": false,
    "reviewCount": 2,
    "rating": 4.1
  },
  {
    "name": "Ludlow Launderette",
    "address": "4 Broad St, Ludlow, SY8 1NG (Est - Re-entry)",
    "city": "Shrewsbury",
    "lat": 52.3750,
    "lng": -2.7200,
    "features": ["Self-Service", "Dry Cleaning Agent"],
    "openingHours": "Mon-Sun: 7:00am - 8:00pm",
    "website": "",
    "isPremium": false,
    "reviewCount": 3,
    "rating": 4.5
  },
  {
    "name": "Welshpool Launderette",
    "address": "10 Broad St, Welshpool, SY21 7RR (Est)",
    "city": "Shrewsbury",
    "lat": 52.6500,
    "lng": -3.1500,
    "features": ["Border Town", "Launderette", "Service Wash"],
    "openingHours": "Mon-Sat: 8:30am - 5:00pm, Sun: Closed",
    "website": "",
    "isPremium": false,
    "reviewCount": 2,
    "rating": 4.0
  },
  {
    "name": "Bridgnorth Launderette",
    "address": "2 High St, Bridgnorth, WV16 4AA (Est)",
    "city": "Shrewsbury",
    "lat": 52.5360,
    "lng": -2.4200,
    "features": ["Coin-Op", "Town Focus"],
    "openingHours": "Mon-Sun: 7:00am - 9:00pm",
    "website": "",
    "isPremium": false,
    "reviewCount": 3,
    "rating": 4.3
  },
  {
    "name": "Compton Dry Cleaning & Launderette",
    "address": "153 Compton Road, Wolverhampton, WV6 8AF",
    "city": "Wolverhampton",
    "lat": 52.5800,
    "lng": -2.1550,
    "features": ["Dry Cleaners & Launderette", "Duvets/Ironing Service", "Collection/Delivery"],
    "openingHours": "Laundry: 7:00am - 9:00pm, Dry Clean: Mon-Fri 9:00am - 5:30pm, Sat 9:00am - 4:00pm",
    "website": "https://www.yell.com/biz/compton-dry-cleaning-wolverhampton-8815152/",
    "isPremium": true,
    "reviewCount": 10,
    "rating": 4.2
  },
  {
    "name": "Love2Laundry Wolverhampton (Collection/Delivery)",
    "address": "Servicing WV postcodes (Virtual Listing)",
    "city": "Wolverhampton",
    "lat": 52.5850,
    "lng": -2.1300,
    "features": ["Collection/Delivery", "24hr Turnaround", "App Service", "Dry Cleaning"],
    "openingHours": "24/7 Booking",
    "website": "https://www.love2laundry.com/",
    "isPremium": true,
    "reviewCount": 12,
    "rating": 4.6
  },
  {
    "name": "Wash ME Launderette (Molineux Stn)",
    "address": "5 Stafford Rd, Wolverhampton, WV10 6JF",
    "city": "Wolverhampton",
    "lat": 52.5930,
    "lng": -2.1260,
    "features": ["24/7 Outdoor Machine", "Large Capacity", "Card Payment"],
    "openingHours": "24/7",
    "website": "https://stores.revolution-laundry.com/",
    "isPremium": false,
    "reviewCount": 5,
    "rating": 4.0
  },
  {
    "name": "Owen Road Launderette",
    "address": "171-172 Owen Rd, Wolverhampton, WV3 0HR",
    "city": "Wolverhampton",
    "lat": 52.5700,
    "lng": -2.1400,
    "features": ["Self-Service", "Service Wash", "Local Focus"],
    "openingHours": "Mon-Sun: 7:00am - 8:00pm",
    "website": "https://www.yell.com/biz/owen-road-launderette-wolverhampton-9566371/",
    "isPremium": false,
    "reviewCount": 3,
    "rating": 3.9
  },
  {
    "name": "Daisy Clean Launderette (Cannock Rd)",
    "address": "335 Cannock Rd, Wolverhampton, WV10 0BG",
    "city": "Wolverhampton",
    "lat": 52.6000,
    "lng": -2.0950,
    "features": ["Self-Service", "Ironing Service", "Parking"],
    "openingHours": "Mon-Sat: 8:00am - 6:00pm, Sun: Closed",
    "website": "https://www.yell.com/biz/daisy-clean-launderette-wolverhampton-901460592/",
    "isPremium": false,
    "reviewCount": 2,
    "rating": 4.0
  },
  {
    "name": "Brookland Laundry (Pendeford)",
    "address": "50 Brooklands Parade, Wolverhampton, WV1 2NE",
    "city": "Wolverhampton",
    "lat": 52.5900,
    "lng": -2.1150,
    "features": ["Self-Service", "Attended (Partial)", "Well Maintained"],
    "openingHours": "Mon-Sun: 8:00am - 8:00pm",
    "website": "https://www.yell.com/biz/brookland-laundry-wolverhampton-901459521/",
    "isPremium": false,
    "reviewCount": 4,
    "rating": 4.0
  },
  {
    "name": "Bilston Launderette (Willenhall Rd)",
    "address": "40 Willenhall Rd, Bilston, WV14 6EP (Est)",
    "city": "Wolverhampton",
    "lat": 52.5550,
    "lng": -2.0700,
    "features": ["Launderette", "Service Wash", "Duvet Cleaning"],
    "openingHours": "Mon-Sun: 7:00am - 9:00pm",
    "website": "",
    "isPremium": false,
    "reviewCount": 3,
    "rating": 3.8
  },
  {
    "name": "Wednesfield Launderette",
    "address": "15 High St, Wednesfield, WV11 1AY (Est)",
    "city": "Wolverhampton",
    "lat": 52.6000,
    "lng": -2.0650,
    "features": ["Coin-Op", "Town Centre"],
    "openingHours": "Mon-Sat: 8:30am - 6:00pm, Sun: 9:00am - 4:00pm",
    "website": "",
    "isPremium": false,
    "reviewCount": 2,
    "rating": 4.1
  },
  {
    "name": "Codsall Launderette",
    "address": "5 The Square, Codsall, WV8 1QS (Est)",
    "city": "Wolverhampton",
    "lat": 52.6200,
    "lng": -2.2000,
    "features": ["Village Launderette", "Service Wash"],
    "openingHours": "Mon-Fri: 9:00am - 5:00pm, Sat: 9:00am - 1:00pm, Sun: Closed",
    "website": "",
    "isPremium": false,
    "reviewCount": 1,
    "rating": 4.5
  },
  {
    "name": "Pattingham Launderette",
    "address": "High St, Pattingham, WV6 7DP (Est)",
    "city": "Wolverhampton",
    "lat": 52.5800,
    "lng": -2.2400,
    "features": ["Village Launderette", "Self-Service"],
    "openingHours": "Mon-Sun: 7:00am - 9:00pm",
    "website": "",
    "isPremium": false,
    "reviewCount": 1,
    "rating": 4.0
  }
]
