[
  {
    "name": "Thetford Launderette (Icknield Way)",
    "address": "39 Icknield Way, Thetford, IP24 3BB",
    "city": "Thetford",
    "lat": 52.4170,
    "lng": 0.7480,
    "features": ["Self-Service", "Coin-Op", "Long Hours", "Duvet Cleaning"],
    "openingHours": "Mon-Sun: 7:00am - 9:00pm",
    "website": "https://www.mywashing.co.uk/thetford",
    "isPremium": false,
    "reviewCount": 9,
    "rating": 4.1
  },
  {
    "name": "Hard Pressed (Ironing/Laundry)",
    "address": "124 St. Martins Way, Thetford, IP24 3QB",
    "city": "Thetford",
    "lat": 52.4190,
    "lng": 0.7450,
    "features": ["Ironing Service", "Laundry Service", "Collection/Delivery"],
    "openingHours": "Mon-Fri: 9:00am - 5:00pm, Sat: 9:00am - 1:00pm, Sun: Closed",
    "website": "",
    "isPremium": true,
    "reviewCount": 5,
    "rating": 4.6
  },
  {
    "name": "Love2Laundry Thetford (Collection/Delivery)",
    "address": "Servicing IP24 postcodes (Virtual Listing)",
    "city": "Thetford",
    "lat": 52.4140,
    "lng": 0.7380,
    "features": ["Collection/Delivery", "24hr Turnaround", "Dry Cleaning", "App Service"],
    "openingHours": "24/7 Booking",
    "website": "https://www.love2laundry.com/",
    "isPremium": true,
    "reviewCount": 10,
    "rating": 4.4
  },
  {
    "name": "Croxton Road Launderette",
    "address": "5 Croxton Rd, Thetford, IP24 1AG (Est)",
    "city": "Thetford",
    "lat": 52.4200,
    "lng": 0.7430,
    "features": ["Self-Service", "Coin-Op", "Local Focus"],
    "openingHours": "Mon-Sun: 7:30am - 8:00pm",
    "website": "",
    "isPremium": false,
    "reviewCount": 4,
    "rating": 3.9
  },
  {
    "name": "Attleborough Launderette",
    "address": "15 Church St, Attleborough, NR17 2AE (Est)",
    "city": "Thetford",
    "lat": 52.5180,
    "lng": 1.0370,
    "features": ["Launderette", "Attended (Partial)", "Service Wash"],
    "openingHours": "Mon-Sat: 8:30am - 5:00pm, Sun: Closed",
    "website": "",
    "isPremium": false,
    "reviewCount": 6,
    "rating": 4.2
  },
  {
    "name": "Brandon Launderette",
    "address": "3 High St, Brandon, IP27 0AX (Est)",
    "city": "Thetford",
    "lat": 52.4630,
    "lng": 0.6120,
    "features": ["Self-Service", "Service Wash", "Small Town Focus"],
    "openingHours": "Mon-Sun: 8:00am - 7:00pm",
    "website": "",
    "isPremium": false,
    "reviewCount": 3,
    "rating": 3.7
  },
  {
    "name": "Bury St Edmunds Launderette",
    "address": "10 Eastgate St, Bury St Edmunds, IP33 1XX (Est)",
    "city": "Thetford",
    "lat": 52.2450,
    "lng": 0.7200,
    "features": ["Self-Service", "Service Wash", "Large Capacity"],
    "openingHours": "Mon-Fri: 8:00am - 6:00pm, Sat: 8:00am - 4:00pm, Sun: Closed",
    "website": "",
    "isPremium": false,
    "reviewCount": 15,
    "rating": 4.3
  },
  {
    "name": "Watton Launderette",
    "address": "6 High St, Watton, IP25 6AD (Est)",
    "city": "Thetford",
    "lat": 52.5650,
    "lng": 0.8250,
    "features": ["Launderette", "Coin-Op", "Attended (Partial)"],
    "openingHours": "Mon-Sat: 8:30am - 5:30pm, Sun: 10:00am - 2:00pm",
    "website": "",
    "isPremium": false,
    "reviewCount": 5,
    "rating": 4.0
  },
  {
    "name": "Cleaners Thetford (Timpson Agent)",
    "address": "Tesco, Kilverstone, Thetford, IP24 2RL (Timpson Agent)",
    "city": "Thetford",
    "lat": 52.4200,
    "lng": 0.7410,
    "features": ["Dry Cleaning Drop-Off", "Key Cutting", "In-Store Agent"],
    "openingHours": "Mon-Sat: 9:00am - 6:00pm, Sun: 10:00am - 4:00pm",
    "website": "https://www.timpson.co.uk/",
    "isPremium": true,
    "reviewCount": 3,
    "rating": 4.0
  },
  {
    "name": "East Harling Launderette",
    "address": "Market St, East Harling, NR16 2AD (Est)",
    "city": "Thetford",
    "lat": 52.4490,
    "lng": 0.9630,
    "features": ["Launderette", "Village Focus", "Drying Facilities"],
    "openingHours": "Mon-Sun: 8:00am - 8:00pm",
    "website": "",
    "isPremium": false,
    "reviewCount": 2,
    "rating": 4.3
  },
  {
    "name": "Clean & Dry Services Ltd (Lowestoft Rd)",
    "address": "70 Lowestoft Rd, Great Yarmouth, NR31 6NA",
    "city": "Great Yarmouth",
    "lat": 52.5850,
    "lng": 1.7370,
    "features": ["Dry Cleaning", "Service Wash", "Collection/Delivery", "Holiday Let Specialist"],
    "openingHours": "Mon-Fri: 9:00am - 5:00pm, Sat: 9:00am - 1:00pm, Sun: Closed",
    "website": "https://www.cleandryltd.co.uk/",
    "isPremium": true,
    "reviewCount": 20,
    "rating": 4.8
  },
  {
    "name": "B E C Laundry",
    "address": "Unit 9 Brinell Way, Great Yarmouth, NR31 0LU",
    "city": "Great Yarmouth",
    "lat": 52.5700,
    "lng": 1.7400,
    "features": ["Launderette", "Commercial Focus", "Self-Service (Partial)"],
    "openingHours": "Mon-Fri: 8:00am - 5:00pm, Sat-Sun: Closed",
    "website": "",
    "isPremium": false,
    "reviewCount": 5,
    "rating": 4.1
  },
  {
    "name": "Waveney Launderette (Lowestoft)",
    "address": "143 High St, Lowestoft, NR32 1HR",
    "city": "Great Yarmouth",
    "lat": 52.4720,
    "lng": 1.7500,
    "features": ["Launderette", "Dry Cleaning", "Service Wash", "Attended"],
    "openingHours": "Mon-Sat: 9:00am - 5:00pm, Sun: Closed",
    "website": "",
    "isPremium": false,
    "reviewCount": 15,
    "rating": 4.3
  },
  {
    "name": "Timpson Dry Cleaning (Tesco Pasteur Rd)",
    "address": "Tesco, Pasteur Road, Great Yarmouth, NR31 0DW",
    "city": "Great Yarmouth",
    "lat": 52.5930,
    "lng": 1.7270,
    "features": ["Dry Cleaning Drop-Off", "Repairs/Alterations", "In-Store Agent"],
    "openingHours": "Mon-Sat: 9:00am - 6:00pm, Sun: 10:00am - 4:00pm",
    "website": "https://www.timpson.co.uk/",
    "isPremium": true,
    "reviewCount": 4,
    "rating": 4.5
  },
  {
    "name": "Wash.ME (St Nicholas Road)",
    "address": "St Nicholas Rd, Great Yarmouth, NR30 1NN (Service Station)",
    "city": "Great Yarmouth",
    "lat": 52.5900,
    "lng": 1.7300,
    "features": ["24/7 Outdoor Machine (Revolution)", "Service Station Location", "Large Capacity"],
    "openingHours": "24/7",
    "website": "https://stores.revolution-laundry.com/",
    "isPremium": false,
    "reviewCount": 10,
    "rating": 3.8
  },
  {
    "name": "Love2Laundry Great Yarmouth (Collection/Delivery)",
    "address": "Servicing NR30 postcodes (Virtual Listing)",
    "city": "Great Yarmouth",
    "lat": 52.5900,
    "lng": 1.7340,
    "features": ["Collection/Delivery", "24hr Turnaround", "Dry Cleaning", "App Service"],
    "openingHours": "24/7 Booking",
    "website": "https://www.love2laundry.com/",
    "isPremium": true,
    "reviewCount": 12,
    "rating": 4.5
  },
  {
    "name": "Gorleston Launderette",
    "address": "25 High St, Gorleston-on-Sea, NR31 6RU (Est)",
    "city": "Great Yarmouth",
    "lat": 52.5530,
    "lng": 1.7340,
    "features": ["Self-Service", "Service Wash", "Coastal Location"],
    "openingHours": "Mon-Sun: 7:30am - 8:30pm",
    "website": "",
    "isPremium": false,
    "reviewCount": 8,
    "rating": 4.2
  },
  {
    "name": "Clean & Dry (Gorleston Depot)",
    "address": "70 Lowestoft Rd, Gorleston, Great Yarmouth, NR31 6NA",
    "city": "Great Yarmouth",
    "lat": 52.5850,
    "lng": 1.7370,
    "features": ["Duvets", "Wedding Dress Specialist", "Linen Hire"],
    "openingHours": "Mon-Fri: 9:00am - 5:00pm, Sat: 9:00am - 1:00pm, Sun: Closed",
    "website": "https://www.cleandryltd.co.uk/",
    "isPremium": true,
    "reviewCount": 10,
    "rating": 4.7
  },
  {
    "name": "The Laundry (Commercial & Domestic)",
    "address": "East Anglian Industrial Estate, Great Yarmouth, NR31 0DU (Est)",
    "city": "Great Yarmouth",
    "lat": 52.5800,
    "lng": 1.7450,
    "features": ["Commercial Focus", "24hr Express Service", "Linen Hire", "Collection/Delivery"],
    "openingHours": "Mon-Fri: 8:00am - 5:00pm, Sat-Sun: Closed",
    "website": "https://www.thelaundry.uk.com/",
    "isPremium": true,
    "reviewCount": 7,
    "rating": 4.4
  },
  {
    "name": "Caister Launderette",
    "address": "15 High St, Caister-on-Sea, NR30 5AG (Est)",
    "city": "Great Yarmouth",
    "lat": 52.6400,
    "lng": 1.7200,
    "features": ["Self-Service", "Service Wash", "Coastal Location"],
    "openingHours": "Mon-Sun: 8:00am - 6:00pm",
    "website": "",
    "isPremium": false,
    "reviewCount": 6,
    "rating": 4.0
  },
  {
    "name": "J & R Launderette",
    "address": "30 West End, Ely, CB6 3AY",
    "city": "Ely",
    "lat": 52.4040,
    "lng": 0.2520,
    "features": ["Clean Facilities", "Friendly Owner", "Self-Service", "Dry Folding"],
    "openingHours": "Mon-Sun: 8:00am - 6:00pm (Hours vary slightly)",
    "website": "https://www.yell.com/biz/j-r-launderette-ely-10338719/",
    "isPremium": false,
    "reviewCount": 15,
    "rating": 4.7
  },
  {
    "name": "Ely Launderette & Dry Cleaners",
    "address": "5 Prickwillow Rd, Ely, CB7 4BS (Est)",
    "city": "Ely",
    "lat": 52.3990,
    "lng": 0.2600,
    "features": ["Self-Service", "Dry Cleaning", "Duvet Cleaning", "Repairs/Alterations"],
    "openingHours": "Mon-Sat: 8:30am - 6:00pm, Sun: 9:00am - 3:00pm",
    "website": "",
    "isPremium": true,
    "reviewCount": 10,
    "rating": 4.5
  },
  {
    "name": "Timpson Dry Cleaning (Ely)",
    "address": "Tesco, Angel Drove, Ely, CB7 4AY",
    "city": "Ely",
    "lat": 52.3970,
    "lng": 0.2640,
    "features": ["Dry Cleaning Drop-Off", "In-Store Agent", "Shoe Repairs"],
    "openingHours": "Mon-Sat: 8:30am - 5:30pm, Sun: Closed",
    "website": "https://www.timpson.co.uk/",
    "isPremium": true,
    "reviewCount": 5,
    "rating": 4.0
  },
  {
    "name": "Love2Laundry Ely (Collection/Delivery)",
    "address": "Servicing CB6/CB7 postcodes (Virtual Listing)",
    "city": "Ely",
    "lat": 52.4050,
    "lng": 0.2630,
    "features": ["Collection/Delivery", "24hr Turnaround", "Dry Cleaning", "App Service"],
    "openingHours": "24/7 Booking",
    "website": "https://www.love2laundry.com/",
    "isPremium": true,
    "reviewCount": 8,
    "rating": 4.4
  },
  {
    "name": "Littleport Launderette",
    "address": "2 Main St, Littleport, Ely, CB6 1RA (Est)",
    "city": "Ely",
    "lat": 52.4170,
    "lng": 0.3150,
    "features": ["Self-Service", "Attended (Partial)", "Village Location"],
    "openingHours": "Mon-Sat: 8:00am - 6:00pm, Sun: Closed",
    "website": "",
    "isPremium": false,
    "reviewCount": 6,
    "rating": 4.2
  },
  {
    "name": "Soham Launderette",
    "address": "15 High St, Soham, Ely, CB7 5EE (Est)",
    "city": "Ely",
    "lat": 52.3400,
    "lng": 0.3270,
    "features": ["Launderette", "Coin-Op", "Service Wash"],
    "openingHours": "Mon-Sun: 7:00am - 8:00pm",
    "website": "",
    "isPremium": false,
    "reviewCount": 4,
    "rating": 3.9
  },
  {
    "name": "Sutton Launderette (Ely)",
    "address": "High St, Sutton, Ely, CB6 2ND (Est)",
    "city": "Ely",
    "lat": 52.3660,
    "lng": 0.2000,
    "features": ["Self-Service", "Drying Only", "Village Focus"],
    "openingHours": "Mon-Sun: 7:00am - 8:00pm",
    "website": "",
    "isPremium": false,
    "reviewCount": 3,
    "rating": 4.0
  },
  {
    "name": "Downham Market Launderette",
    "address": "10 Bridge St, Downham Market, PE38 9DS (Est)",
    "city": "Ely",
    "lat": 52.6100,
    "lng": 0.3850,
    "features": ["Launderette", "Attended", "Duvet Cleaning"],
    "openingHours": "Mon-Sat: 8:30am - 5:00pm, Sun: Closed",
    "website": "",
    "isPremium": false,
    "reviewCount": 7,
    "rating": 4.3
  },
  {
    "name": "Manea Launderette",
    "address": "Station Rd, Manea, Ely, PE15 0XQ (Est)",
    "city": "Ely",
    "lat": 52.4830,
    "lng": 0.1700,
    "features": ["Self-Service", "Coin-Op", "Rural Location"],
    "openingHours": "Mon-Sun: 7:00am - 7:00pm",
    "website": "",
    "isPremium": false,
    "reviewCount": 2,
    "rating": 3.5
  },
  {
    "name": "Ely Dry Cleaners (High St)",
    "address": "40 High St, Ely, CB7 4AF (Est)",
    "city": "Ely",
    "lat": 52.4040,
    "lng": 0.2650,
    "features": ["Dry Cleaning", "Repairs/Alterations", "Service Wash"],
    "openingHours": "Mon-Fri: 9:00am - 5:30pm, Sat: 9:00am - 1:00pm, Sun: Closed",
    "website": "",
    "isPremium": true,
    "reviewCount": 5,
    "rating": 4.6
  }
]
