[
  {
    "name": "Bradford Launderette (Great Horton Rd)",
    "address": "400 Great Horton Rd, Bradford, BD7 3ER (Est)",
    "city": "Bradford",
    "lat": 53.7850,
    "lng": -1.7760,
    "features": ["Self-Service", "Service Wash", "Duvet Cleaning", "Student Area"],
    "openingHours": "Mon-Sun: 7:00am - 9:00pm",
    "website": "",
    "isPremium": false,
    "reviewCount": 15,
    "rating": 4.3
  },
  {
    "name": "Dry Clean Centre",
    "address": "12 Rawson Pl, Bradford, BD1 3QD (Est)",
    "city": "Bradford",
    "lat": 53.7950,
    "lng": -1.7580,
    "features": ["Dry Cleaning", "Laundry Service", "Repairs", "City Centre"],
    "openingHours": "Mon-Fri: 8:30am - 5:00pm, Sat: 9:00am - 1:00pm, Sun: Closed",
    "website": "",
    "isPremium": true,
    "reviewCount": 5,
    "rating": 4.7
  },
  {
    "name": "Launderette Shipley",
    "address": "6 Commercial St, Shipley, Bradford, BD18 3SR (Est)",
    "city": "Bradford",
    "lat": 53.8340,
    "lng": -1.7820,
    "features": ["Self-Service", "Attended Service", "Ironing"],
    "openingHours": "Mon-Sat: 9:00am - 5:00pm, Sun: Closed",
    "website": "",
    "isPremium": false,
    "reviewCount": 10,
    "rating": 4.1
  },
  {
    "name": "Idle Launderette",
    "address": "26 Albion Rd, Idle, Bradford, BD10 9PY (Est)",
    "city": "Bradford",
    "lat": 53.8400,
    "lng": -1.7680,
    "features": ["Launderette", "Dry Cleaning Agent", "Local Service"],
    "openingHours": "Mon-Fri: 9:00am - 5:00pm, Sat: 9:00am - 4:00pm, Sun: Closed",
    "website": "",
    "isPremium": false,
    "reviewCount": 6,
    "rating": 4.4
  },
  {
    "name": "Bingley Launderette",
    "address": "40 Main St, Bingley, Bradford, BD16 2JH (Est)",
    "city": "Bradford",
    "lat": 53.8440,
    "lng": -1.8340,
    "features": ["Self-Service", "Service Wash", "Duvet Cleaning"],
    "openingHours": "Mon-Sun: 7:00am - 8:00pm",
    "website": "",
    "isPremium": false,
    "reviewCount": 12,
    "rating": 4.5
  },
  {
    "name": "Queensbury Launderette",
    "address": "4 High St, Queensbury, Bradford, BD13 2PA (Est)",
    "city": "Bradford",
    "lat": 53.7500,
    "lng": -1.8230,
    "features": ["Launderette", "Coin-Op", "Staffed (Partial)"],
    "openingHours": "Mon-Sat: 8:00am - 6:00pm, Sun: Closed",
    "website": "",
    "isPremium": false,
    "reviewCount": 4,
    "rating": 4.0
  },
  {
    "name": "Clayton Heights Launderette",
    "address": "12 St Annes Rd, Clayton Heights, Bradford, BD13 1JX (Est)",
    "city": "Bradford",
    "lat": 53.7650,
    "lng": -1.8100,
    "features": ["Self-Service", "Attended", "Duvet Cleaning"],
    "openingHours": "Mon-Sat: 8:30am - 5:30pm, Sun: Closed",
    "website": "",
    "isPremium": false,
    "reviewCount": 7,
    "rating": 4.2
  },
  {
    "name": "Wash.ME (Morrisons Bradford)",
    "address": "Gain Lane, Bradford, BD3 7DL (Est)",
    "city": "Bradford",
    "lat": 53.7840,
    "lng": -1.7180,
    "features": ["24/7 Outdoor Machine", "Large Capacity", "Self-Service"],
    "openingHours": "24/7",
    "website": "https://stores.revolution-laundry.com/",
    "isPremium": false,
    "reviewCount": 8,
    "rating": 3.8
  },
  {
    "name": "Thornton Launderette",
    "address": "25 Market St, Thornton, Bradford, BD13 3EP (Est)",
    "city": "Bradford",
    "lat": 53.7890,
    "lng": -1.8700,
    "features": ["Launderette", "Service Wash", "Ironing"],
    "openingHours": "Mon-Sat: 9:00am - 5:00pm, Sun: Closed",
    "website": "",
    "isPremium": false,
    "reviewCount": 5,
    "rating": 4.3
  },
  {
    "name": "Frizinghall Launderette",
    "address": "52 Frizinghall Rd, Bradford, BD9 4HD (Est)",
    "city": "Bradford",
    "lat": 53.8200,
    "lng": -1.7580,
    "features": ["Self-Service", "Service Wash", "Drying Facilities"],
    "openingHours": "Mon-Sun: 7:00am - 9:00pm",
    "website": "",
    "isPremium": false,
    "reviewCount": 10,
    "rating": 4.1
  },
  {
    "name": "The Launderette (Hanley)",
    "address": "103 Bucknall New Rd, Hanley, Stoke-on-Trent, ST1 2BG",
    "city": "Stoke-on-Trent",
    "lat": 53.0030,
    "lng": -2.1640,
    "features": ["Self-Service", "Attended", "Duvet Cleaning", "Clean Facilities"],
    "openingHours": "Mon-Sun: 7:00am - 7:30pm",
    "website": "",
    "isPremium": false,
    "reviewCount": 20,
    "rating": 4.5
  },
  {
    "name": "Posh Wash Launderette",
    "address": "882 London Rd, Stoke-on-Trent, ST4 5NX",
    "city": "Stoke-on-Trent",
    "lat": 52.9900,
    "lng": -2.1740,
    "features": ["Dry Cleaning Agent (Butlers)", "Laundry Service", "Established (1985)"],
    "openingHours": "Mon-Fri: 8:00am - 5:00pm, Sat: 9:00am - 4:00pm, Sun: Closed",
    "website": "https://www.laundretteanddrycleaner.co.uk/",
    "isPremium": true,
    "reviewCount": 15,
    "rating": 4.7
  },
  {
    "name": "Revolution Laundrette (Longton)",
    "address": "38 Bennett Precinct, Longton, Stoke-on-Trent, ST3 2JA",
    "city": "Stoke-on-Trent",
    "lat": 52.9850,
    "lng": -2.1220,
    "features": ["24/7 Outdoor Machine", "Contactless Payment", "Large Capacity"],
    "openingHours": "24/7",
    "website": "https://www.thelaundryrevolution.co.uk/",
    "isPremium": false,
    "reviewCount": 10,
    "rating": 4.4
  },
  {
    "name": "Timpson Dry Cleaning (Longton Tesco)",
    "address": "Bath Road, Longton, Stoke-on-Trent, ST3 2JB",
    "city": "Stoke-on-Trent",
    "lat": 52.9870,
    "lng": -2.1230,
    "features": ["Dry Cleaning", "Laundry Drop-off", "Repairs & Alterations"],
    "openingHours": "Mon-Sat: 9:00am - 6:00pm, Sun: 10:00am - 4:00pm",
    "website": "https://www.timpson.co.uk/",
    "isPremium": false,
    "reviewCount": 5,
    "rating": 4.0
  },
  {
    "name": "Cottage Laundry",
    "address": "542 Hartshill Rd, Hartshill, Stoke-on-Trent, ST4 6AF",
    "city": "Stoke-on-Trent",
    "lat": 53.0030,
    "lng": -2.2020,
    "features": ["Launderette", "Service Wash", "Duvet Cleaning", "Traditional Service"],
    "openingHours": "Mon-Fri: 8:30am - 5:00pm, Sat: 9:00am - 4:00pm, Sun: Closed",
    "website": "",
    "isPremium": false,
    "reviewCount": 6,
    "rating": 4.2
  },
  {
    "name": "Revolution Laundry (Sutherland Road)",
    "address": "171 Sutherland Road, Stoke-on-Trent, ST3 1HZ",
    "city": "Stoke-on-Trent",
    "lat": 52.9860,
    "lng": -2.1240,
    "features": ["24/7 Outdoor Machine", "Large Capacity", "Self-Service", "Contactless Payment"],
    "openingHours": "24/7",
    "website": "https://www.thelaundryrevolution.co.uk/",
    "isPremium": false,
    "reviewCount": 3,
    "rating": 4.3
  },
  {
    "name": "Home Aids Services",
    "address": "151 Newcastle St, Burslem, Stoke-on-Trent, ST6 3QJ",
    "city": "Stoke-on-Trent",
    "lat": 53.0560,
    "lng": -2.1930,
    "features": ["Launderette", "Domestic & Commercial", "Ironing"],
    "openingHours": "Mon-Sat: 8:00am - 6:00pm, Sun: Closed",
    "website": "",
    "isPremium": false,
    "reviewCount": 4,
    "rating": 4.0
  },
  {
    "name": "Revolution Laundry (Haywood Rd)",
    "address": "71 Haywood Rd, Burslem, Stoke-on-Trent, ST6 7AH",
    "city": "Stoke-on-Trent",
    "lat": 53.0570,
    "lng": -2.1800,
    "features": ["24/7 Outdoor Machine", "Large Capacity", "Self-Service"],
    "openingHours": "24/7",
    "website": "https://stores.revolution-laundry.com/",
    "isPremium": false,
    "reviewCount": 2,
    "rating": 3.9
  },
  {
    "name": "Chell Launderette",
    "address": "38 Ford Green Rd, Chell, Stoke-on-Trent, ST6 6BP (Est)",
    "city": "Stoke-on-Trent",
    "lat": 53.0450,
    "lng": -2.1700,
    "features": ["Launderette", "Self-Service", "Attended (Partial)"],
    "openingHours": "Mon-Sat: 8:00am - 6:00pm, Sun: Closed",
    "website": "",
    "isPremium": false,
    "reviewCount": 5,
    "rating": 4.1
  },
  {
    "name": "Fenton Launderette",
    "address": "19 Victoria Rd, Fenton, Stoke-on-Trent, ST4 2AJ (Est)",
    "city": "Stoke-on-Trent",
    "lat": 52.9970,
    "lng": -2.1580,
    "features": ["Self-Service", "Service Wash", "Fast Dryers"],
    "openingHours": "Mon-Sun: 7:00am - 9:00pm",
    "website": "",
    "isPremium": false,
    "reviewCount": 7,
    "rating": 4.5
  },
  {
    "name": "Reading Launderette",
    "address": "15 Erleigh Rd, Reading, RG1 5LR (Est)",
    "city": "Reading",
    "lat": 51.4500,
    "lng": -0.9570,
    "features": ["Self-Service", "Service Wash", "Ironing", "Student Area"],
    "openingHours": "Mon-Sun: 7:00am - 9:00pm",
    "website": "",
    "isPremium": false,
    "reviewCount": 18,
    "rating": 4.6
  },
  {
    "name": "Caversham Launderette",
    "address": "72 George St, Caversham, Reading, RG4 8AY (Est)",
    "city": "Reading",
    "lat": 51.4640,
    "lng": -0.9760,
    "features": ["Launderette", "Dry Cleaning Agent", "Service Wash", "Duvet Cleaning"],
    "openingHours": "Mon-Sat: 8:30am - 6:00pm, Sun: Closed",
    "website": "",
    "isPremium": false,
    "reviewCount": 12,
    "rating": 4.4
  },
  {
    "name": "Tilehurst Launderette",
    "address": "4 The Triangle, Tilehurst, Reading, RG30 4RN (Est)",
    "city": "Reading",
    "lat": 51.4580,
    "lng": -1.0200,
    "features": ["Self-Service", "Attended", "Duvet Cleaning"],
    "openingHours": "Mon-Sat: 8:00am - 6:00pm, Sun: Closed",
    "website": "",
    "isPremium": false,
    "reviewCount": 8,
    "rating": 4.1
  },
  {
    "name": "Pangbourne Launderette",
    "address": "1 Yew Tree Rise, Pangbourne, Reading, RG8 7AR (Est)",
    "city": "Reading",
    "lat": 51.4740,
    "lng": -1.0820,
    "features": ["Launderette", "Dry Cleaning Agent", "Ironing"],
    "openingHours": "Mon-Fri: 9:00am - 5:00pm, Sat: 9:00am - 4:00pm, Sun: Closed",
    "website": "",
    "isPremium": false,
    "reviewCount": 5,
    "rating": 4.0
  },
  {
    "name": "Coley Park Launderette",
    "address": "1 Wensley Rd, Reading, RG1 6NU (Est)",
    "city": "Reading",
    "lat": 51.4420,
    "lng": -0.9850,
    "features": ["Self-Service", "Service Wash", "Drying Only", "Local Service"],
    "openingHours": "Mon-Sun: 7:00am - 8:00pm",
    "website": "",
    "isPremium": false,
    "reviewCount": 7,
    "rating": 4.2
  },
  {
    "name": "Whitley Launderette",
    "address": "21 Basingstoke Rd, Reading, RG2 0EL (Est)",
    "city": "Reading",
    "lat": 51.4290,
    "lng": -0.9700,
    "features": ["Launderette", "Coin-Op", "Large Machines"],
    "openingHours": "Mon-Sat: 8:30am - 6:30pm, Sun: Closed",
    "website": "",
    "isPremium": false,
    "reviewCount": 6,
    "rating": 4.3
  },
  {
    "name": "Wash.ME (Tesco Reading West)",
    "address": "Bath Rd, Reading, RG31 7SA (Est)",
    "city": "Reading",
    "lat": 51.4490,
    "lng": -1.0020,
    "features": ["24/7 Outdoor Machine", "Large Capacity", "Self-Service", "Contactless Payment"],
    "openingHours": "24/7",
    "website": "https://stores.revolution-laundry.com/",
    "isPremium": false,
    "reviewCount": 10,
    "rating": 3.9
  },
  {
    "name": "Dry Clean & Press Reading",
    "address": "58 London Rd, Reading, RG1 5AQ (Est)",
    "city": "Reading",
    "lat": 51.4580,
    "lng": -0.9630,
    "features": ["Dry Cleaning", "Pressing Service", "Tailoring", "Wedding Dresses"],
    "openingHours": "Mon-Fri: 9:00am - 5:30pm, Sat: 9:00am - 1:00pm, Sun: Closed",
    "website": "",
    "isPremium": true,
    "reviewCount": 4,
    "rating": 4.8
  },
  {
    "name": "Pioneer Launderette",
    "address": "129 Basingstoke Rd, Reading, RG2 0HB (Est)",
    "city": "Reading",
    "lat": 51.4360,
    "lng": -0.9730,
    "features": ["Self-Service", "Service Wash", "Drying Facilities"],
    "openingHours": "Mon-Sun: 7:00am - 9:00pm",
    "website": "",
    "isPremium": false,
    "reviewCount": 9,
    "rating": 4.5
  },
  {
    "name": "Southcote Launderette",
    "address": "25 Southcote Rd, Reading, RG30 3QW (Est)",
    "city": "Reading",
    "lat": 51.4450,
    "lng": -0.9950,
    "features": ["Launderette", "Attended (Partial)", "Local Service"],
    "openingHours": "Mon-Sat: 8:00am - 6:00pm, Sun: Closed",
    "website": "",
    "isPremium": false,
    "reviewCount": 5,
    "rating": 4.0
  }
]
