[
  {
    "name": "Cresswell Launderette",
    "address": "1 Cresswell Terrace, Sunderland, SR2 7ER",
    "city": "Sunderland",
    "lat": 54.9080,
    "lng": -1.3780,
    "features": ["Self-Serve", "Service Wash", "Collection/Delivery", "Open 7 Days"],
    "openingHours": "Mon-Sun: 8:00am - 6:00pm",
    "website": "",
    "isPremium": true,
    "reviewCount": 11,
    "rating": 4.9
  },
  {
    "name": "Dundas Street Launderette",
    "address": "52 Lower Dundas St, Monkwearmouth, Sunderland, SR6 0BD",
    "city": "Sunderland",
    "lat": 54.9150,
    "lng": -1.3850,
    "features": ["Family Run", "Service Wash", "Ironing", "Curtain Cleaning"],
    "openingHours": "Mon-Sat: 9:00am - 4:00pm, Sun: Closed",
    "website": "",
    "isPremium": false,
    "reviewCount": 19,
    "rating": 4.8
  },
  {
    "name": "Sea Road Laundrette & Dry Cleaners",
    "address": "79 Sea Rd, Fulwell, Sunderland, SR6 9BW",
    "city": "Sunderland",
    "lat": 54.9270,
    "lng": -1.3730,
    "features": ["On-Site Dry Cleaning", "Same Day Service", "Ironing", "Wedding Dresses"],
    "openingHours": "Mon-Sat: 8:00am - 5:00pm, Sun: Closed",
    "website": "",
    "isPremium": true,
    "reviewCount": 7,
    "rating": 4.5
  },
  {
    "name": "Xpressd Cleaners & Laundry",
    "address": "163 Hylton Rd, Sunderland, SR4 7YF",
    "city": "Sunderland",
    "lat": 54.9020,
    "lng": -1.4170,
    "features": ["Total Laundry Service", "Duvet Cleaning", "Collection/Delivery"],
    "openingHours": "Mon-Fri: 8:30am - 5:00pm, Sat: 9:00am - 3:00pm, Sun: Closed",
    "website": "",
    "isPremium": false,
    "reviewCount": 3,
    "rating": 4.2
  },
  {
    "name": "Laundry Monster",
    "address": "7 Stockton Terrace, Sunderland, SR2 9RQ",
    "city": "Sunderland",
    "lat": 54.8930,
    "lng": -1.3740,
    "features": ["Ironing & Laundry Services", "Local Service"],
    "openingHours": "Mon-Fri: 9:00am - 5:00pm, Sat: 9:00am - 1:00pm, Sun: Closed",
    "website": "",
    "isPremium": false,
    "reviewCount": 4,
    "rating": 4.0
  },
  {
    "name": "Pennywell Laundry Services",
    "address": "Unit 18 Pennywell Business Centre, Portsmouth Rd, Sunderland, SR4 9AR",
    "city": "Sunderland",
    "lat": 54.8770,
    "lng": -1.4300,
    "features": ["Dry Cleaning", "Commercial Service", "Small Alterations"],
    "openingHours": "Mon-Fri: 8:00am - 4:30pm, Sat-Sun: Closed",
    "website": "",
    "isPremium": true,
    "reviewCount": 5,
    "rating": 5.0
  },
  {
    "name": "Washing Well (Sunderland)",
    "address": "25 Fawcett St, Sunderland, SR1 1RE (Est)",
    "city": "Sunderland",
    "lat": 54.9040,
    "lng": -1.3830,
    "features": ["Self-Service", "Attended", "Drying Facilities"],
    "openingHours": "Mon-Sat: 8:00am - 7:00pm, Sun: 9:00am - 4:00pm",
    "website": "",
    "isPremium": false,
    "reviewCount": 6,
    "rating": 3.9
  },
  {
    "name": "Sunderland Dry Cleaners (Hylton Castle)",
    "address": "Chester Rd, Hylton Castle, Sunderland, SR5 3DX (Est)",
    "city": "Sunderland",
    "lat": 54.9280,
    "lng": -1.4500,
    "features": ["Dry Cleaning", "Laundry Service"],
    "openingHours": "Mon-Fri: 9:00am - 5:00pm, Sat: 9:00am - 1:00pm, Sun: Closed",
    "website": "",
    "isPremium": false,
    "reviewCount": 2,
    "rating": 4.1
  },
  {
    "name": "South Tyneside Community Laundry (Hebburn)",
    "address": "5 St John's Ave, Hebburn, SR6 9BW (Non-Profit)",
    "city": "Sunderland",
    "lat": 54.9270,
    "lng": -1.3800,
    "features": ["Non-Profit", "Collection/Delivery", "Ironing", "Alterations"],
    "openingHours": "Mon-Fri: 9:00am - 5:00pm, Sat-Sun: Closed",
    "website": "http://stclaundry.com/",
    "isPremium": true,
    "reviewCount": 4,
    "rating": 4.7
  },
  {
    "name": "Grangetown Laundrette",
    "address": "The Broadway, Grangetown, Sunderland, SR2 8DY (Est)",
    "city": "Sunderland",
    "lat": 54.8950,
    "lng": -1.3650,
    "features": ["Self-Service", "Attended (Partial)", "Coin-Op"],
    "openingHours": "Mon-Fri: 8:30am - 5:00pm, Sat: 8:30am - 1:00pm, Sun: Closed",
    "website": "",
    "isPremium": false,
    "reviewCount": 3,
    "rating": 3.5
  },
  {
    "name": "St. George's Launderette",
    "address": "15 St George's Rd, Preston, PR1 2NF (Est)",
    "city": "Preston",
    "lat": 53.7590,
    "lng": -2.7000,
    "features": ["Self-Service", "Service Wash", "Duvet Cleaning", "Attended"],
    "openingHours": "Mon-Fri: 9:00am - 5:00pm, Sat: 9:00am - 1:00pm, Sun: Closed",
    "website": "",
    "isPremium": false,
    "reviewCount": 10,
    "rating": 4.1
  },
  {
    "name": "Preston Washing Well",
    "address": "129 New Hall Lane, Preston, PR1 5NQ (Est)",
    "city": "Preston",
    "lat": 53.7620,
    "lng": -2.6750,
    "features": ["Coin-Op", "Self-Service", "Large Machines"],
    "openingHours": "Mon-Sun: 7:00am - 9:00pm",
    "website": "",
    "isPremium": false,
    "reviewCount": 8,
    "rating": 4.3
  },
  {
    "name": "Avenham Launderette",
    "address": "8 Avenham St, Preston, PR1 3BN (Est)",
    "city": "Preston",
    "lat": 53.7550,
    "lng": -2.6900,
    "features": ["Launderette", "Dry Cleaning Agent", "Local Service"],
    "openingHours": "Mon-Sat: 8:30am - 6:00pm, Sun: Closed",
    "website": "",
    "isPremium": false,
    "reviewCount": 5,
    "rating": 4.0
  },
  {
    "name": "Fulwood Dry Cleaners & Launderette",
    "address": "25 Watling Street Rd, Fulwood, Preston, PR2 8AD (Est)",
    "city": "Preston",
    "lat": 53.7780,
    "lng": -2.7050,
    "features": ["Dry Cleaning", "Launderette", "Repairs/Alterations"],
    "openingHours": "Mon-Fri: 9:00am - 5:30pm, Sat: 9:00am - 4:00pm, Sun: Closed",
    "website": "",
    "isPremium": true,
    "reviewCount": 12,
    "rating": 4.5
  },
  {
    "name": "Fishwick Launderette",
    "address": "40 Fishwick Parade, Preston, PR1 4UU (Est)",
    "city": "Preston",
    "lat": 53.7540,
    "lng": -2.6700,
    "features": ["Self-Service", "Coin-Op", "Attended (Partial)"],
    "openingHours": "Mon-Sat: 8:00am - 6:00pm, Sun: 9:00am - 1:00pm",
    "website": "",
    "isPremium": false,
    "reviewCount": 6,
    "rating": 3.8
  },
  {
    "name": "Ribbleton Launderette",
    "address": "153 Ribbleton Lane, Preston, PR1 5EB (Est)",
    "city": "Preston",
    "lat": 53.7660,
    "lng": -2.6790,
    "features": ["Launderette", "Duvet Cleaning", "Service Wash"],
    "openingHours": "Mon-Fri: 8:30am - 5:30pm, Sat: 9:00am - 1:00pm, Sun: Closed",
    "website": "",
    "isPremium": false,
    "reviewCount": 5,
    "rating": 4.2
  },
  {
    "name": "Deepdale Launderette",
    "address": "57 Deepdale Rd, Preston, PR1 5AJ (Est)",
    "city": "Preston",
    "lat": 53.7650,
    "lng": -2.6900,
    "features": ["Self-Service", "Drying Only", "Convenient Location"],
    "openingHours": "Mon-Sun: 7:00am - 10:00pm",
    "website": "",
    "isPremium": false,
    "reviewCount": 4,
    "rating": 3.9
  },
  {
    "name": "Bamber Bridge Laundry",
    "address": "76 Station Rd, Bamber Bridge, Preston, PR5 6AS (Est)",
    "city": "Preston",
    "lat": 53.7270,
    "lng": -2.6590,
    "features": ["Service Wash", "Commercial Laundry", "Ironing Service"],
    "openingHours": "Mon-Fri: 9:00am - 5:00pm, Sat: 9:00am - 12:00pm, Sun: Closed",
    "website": "",
    "isPremium": true,
    "reviewCount": 7,
    "rating": 4.6
  },
  {
    "name": "Leyland Launderette",
    "address": "14 Towngate, Leyland, Preston, PR25 2ET (Est)",
    "city": "Preston",
    "lat": 53.6840,
    "lng": -2.6900,
    "features": ["Self-Service", "Attended (Partial)", "Town Centre"],
    "openingHours": "Mon-Sat: 8:00am - 7:00pm, Sun: 9:00am - 3:00pm",
    "website": "",
    "isPremium": false,
    "reviewCount": 9,
    "rating": 4.4
  },
  {
    "name": "Penwortham Laundrette",
    "address": "16 Liverpool Rd, Penwortham, Preston, PR1 9XE (Est)",
    "city": "Preston",
    "lat": 53.7460,
    "lng": -2.7230,
    "features": ["Launderette", "Dry Cleaning Agent", "Local Focus"],
    "openingHours": "Mon-Sat: 9:00am - 5:00pm, Sun: Closed",
    "website": "",
    "isPremium": false,
    "reviewCount": 5,
    "rating": 4.1
  },
  {
    "name": "DirtBusters of Darlington",
    "address": "59 Yarm Rd, Darlington, DL1 1EA",
    "city": "Darlington",
    "lat": 54.5210,
    "lng": -1.5450,
    "features": ["Longest Established (Since 1994)", "Duvets/Curtains", "Commercial Service", "Ironing"],
    "openingHours": "Mon-Sat: 9:30am - 5:00pm, Sun: Closed",
    "website": "https://www.dblaundry.com/",
    "isPremium": true,
    "reviewCount": 20,
    "rating": 4.7
  },
  {
    "name": "Cleancare Dry Cleaners & Laundry",
    "address": "39 Skinnergate, Darlington, DL3 7NR",
    "city": "Darlington",
    "lat": 54.5250,
    "lng": -1.5560,
    "features": ["Dry Cleaning", "Commercial Laundry", "Free Collection/Delivery", "Hand Finishing"],
    "openingHours": "Mon-Fri: 10:00am - 5:00pm, Sat: 10:00am - 1:00pm, Sun: Closed",
    "website": "https://www.yell.com/biz/cleancare-fabrics-ltd-darlington-10515152/",
    "isPremium": true,
    "reviewCount": 6,
    "rating": 4.5
  },
  {
    "name": "Smart Launderette & Linen Hire",
    "address": "Unit 4 Lloyds Court, Cleveland St, Darlington, DL1 2NY",
    "city": "Darlington",
    "lat": 54.5260,
    "lng": -1.5410,
    "features": ["Linen Hire", "Commercial Laundry", "Self-Service", "30+ Years Experience"],
    "openingHours": "Mon-Fri: 9:00am - 8:00pm, Sat: 9:00am - 5:00pm, Sun: Closed",
    "website": "https://www.yell.com/biz/smart-launderette-linen-hire-darlington-10022067/",
    "isPremium": true,
    "reviewCount": 11,
    "rating": 5.0
  },
  {
    "name": "24 Launderette (Morrisons North Rd)",
    "address": "Morrisons, 97 North Road, Darlington, DL1 2PS",
    "city": "Darlington",
    "lat": 54.5300,
    "lng": -1.5540,
    "features": ["24/7 Self-Service (Machine)", "Long Hours", "Shopping Centre Location"],
    "openingHours": "Mon-Sat: 7:00am - 10:00pm, Sun: 10:00am - 4:00pm",
    "website": "https://www.24laundromat.com/locations",
    "isPremium": false,
    "reviewCount": 8,
    "rating": 4.2
  },
  {
    "name": "The Launderette (Salisbury Terrace)",
    "address": "123 Salisbury Terrace, Darlington, DL3 6NX (Est)",
    "city": "Darlington",
    "lat": 54.5220,
    "lng": -1.5600,
    "features": ["Launderette", "Self-Service"],
    "openingHours": "Mon-Sun: 7:00am - 7:00pm",
    "website": "",
    "isPremium": false,
    "reviewCount": 5,
    "rating": 3.0
  },
  {
    "name": "Jonathan's Cleaners (Darlington)",
    "address": "Servicing DL Postcodes (Virtual Listing)",
    "city": "Darlington",
    "lat": 54.5250,
    "lng": -1.5490,
    "features": ["FREE Collection/Delivery", "Ironing", "Dry Cleaning", "Service Wash"],
    "openingHours": "Mon-Fri: 9:00am - 5:00pm, Sat: 10:00am - 2:00pm, Sun: Closed",
    "website": "https://jonathanscleaners.co.uk/",
    "isPremium": true,
    "reviewCount": 15,
    "rating": 4.8
  },
  {
    "name": "Church Street Launderette (Shildon)",
    "address": "72 Church St, Shildon, DL4 1DY (Est)",
    "city": "Darlington",
    "lat": 54.6300,
    "lng": -1.6480,
    "features": ["30+ Years Experience", "Wash/Dry/Fold", "Duvets", "Rural Collection"],
    "openingHours": "Mon-Fri: 10:00am - 4:00pm, Sat: 10:00am - 3:00pm, Sun: Closed",
    "website": "http://www.cs-launderette.co.uk/",
    "isPremium": true,
    "reviewCount": 24,
    "rating": 4.8
  },
  {
    "name": "Newton Aycliffe Launderette",
    "address": "Greenwell Rd, Newton Aycliffe, DL5 4EH (Est)",
    "city": "Darlington",
    "lat": 54.6100,
    "lng": -1.5700,
    "features": ["Launderette", "Commercial Laundry", "Self-Service"],
    "openingHours": "Mon-Sat: 8:30am - 6:00pm, Sun: Closed",
    "website": "",
    "isPremium": false,
    "reviewCount": 4,
    "rating": 4.0
  },
  {
    "name": "Bishop Auckland Dry Cleaners",
    "address": "8 Newgate St, Bishop Auckland, DL14 7EF (Est)",
    "city": "Darlington",
    "lat": 54.6610,
    "lng": -1.6780,
    "features": ["Dry Cleaning", "Service Wash", "Repairs/Alterations"],
    "openingHours": "Mon-Fri: 9:00am - 5:00pm, Sat: 9:00am - 1:00pm, Sun: Closed",
    "website": "",
    "isPremium": true,
    "reviewCount": 5,
    "rating": 4.3
  },
  {
    "name": "Barnard Castle Launderette",
    "address": "25 Horse Market, Barnard Castle, DL12 8LZ (Est)",
    "city": "Darlington",
    "lat": 54.5450,
    "lng": -1.9200,
    "features": ["Launderette", "Self-Service", "Rural Location"],
    "openingHours": "Mon-Sun: 8:00am - 7:00pm",
    "website": "",
    "isPremium": false,
    "reviewCount": 3,
    "rating": 3.9
  }
]
