[
  {
    "name": "Milton Keynes Launderette (Westcroft)",
    "address": "4-5 Barnsdale Drive, West Croft, Milton Keynes, MK4 4DD (Timpson Agent)",
    "city": "Milton Keynes",
    "lat": 52.0150,
    "lng": -0.8030,
    "features": ["Dry Cleaning Drop-Off", "Repairs/Alterations", "Key Cutting", "In-Store Agent"],
    "openingHours": "Mon-Sat: 9:00am - 6:00pm, Sun: 10:00am - 4:00pm",
    "website": "https://www.timpson.co.uk/",
    "isPremium": true,
    "reviewCount": 8,
    "rating": 4.1
  },
  {
    "name": "Laundry Affairs",
    "address": "11d Bodmin Place, Broughton Gate, Milton Keynes, MK10 7DP",
    "city": "Milton Keynes",
    "lat": 52.0520,
    "lng": -0.7130,
    "features": ["Service Wash", "Duvet Cleaning", "Commercial Laundry", "Boutique Service"],
    "openingHours": "Mon-Fri: 8:00am - 5:30pm, Sat: 9:00am - 1:00pm, Sun: Closed",
    "website": "https://laundryaffairs.co.uk/",
    "isPremium": true,
    "reviewCount": 15,
    "rating": 4.6
  },
  {
    "name": "The Little Launderette (Newport Pagnell)",
    "address": "100 High St, Newport Pagnell, Milton Keynes, MK16 8EH",
    "city": "Milton Keynes",
    "lat": 52.0720,
    "lng": -0.7490,
    "features": ["Self-Service", "Attended", "Drying Facilities"],
    "openingHours": "Mon-Fri: 8:00am - 8:00pm, Sat: 9:00am - 8:00pm, Sun: Closed",
    "website": "",
    "isPremium": false,
    "reviewCount": 12,
    "rating": 4.5
  },
  {
    "name": "A&C Rapido Dry Cleaners",
    "address": "14 Cochran Close, Crownhill Industry, Milton Keynes, MK8 0AJ",
    "city": "Milton Keynes",
    "lat": 52.0400,
    "lng": -0.7600,
    "features": ["Dry Cleaning", "Express Service", "Alterations", "On-Site"],
    "openingHours": "Mon-Fri: 8:00am - 7:00pm, Sat: 9:30am - 5:30pm, Sun: Closed",
    "website": "https://www.altsandcleaningexpressltd.co.uk/",
    "isPremium": true,
    "reviewCount": 10,
    "rating": 4.3
  },
  {
    "name": "Green Bubbles Laundry",
    "address": "5 Burners Ln, Kiln Farm, Milton Keynes, MK11 3HA (Est)",
    "city": "Milton Keynes",
    "lat": 52.0490,
    "lng": -0.8100,
    "features": ["Eco-Friendly Wet Cleaning", "Laundromat", "Commercial Laundry"],
    "openingHours": "Mon-Fri: 9:00am - 5:00pm, Sat: 10:00am - 4:00pm, Sun: Closed",
    "website": "https://green-bubbles.com/",
    "isPremium": true,
    "reviewCount": 5,
    "rating": 4.8
  },
  {
    "name": "Wash.ME (Harvest Energy Tongwell)",
    "address": "Monks Way, Tongwell, Milton Keynes, MK15 8HR",
    "city": "Milton Keynes",
    "lat": 52.0480,
    "lng": -0.6950,
    "features": ["24/7 Outdoor Machine (Revolution)", "Large Capacity", "Duvet Cleaning"],
    "openingHours": "24/7",
    "website": "https://stores.revolution-laundry.com/",
    "isPremium": false,
    "reviewCount": 10,
    "rating": 3.9
  },
  {
    "name": "Wolverton Launderette",
    "address": "10 Stratford Rd, Wolverton, Milton Keynes, MK12 5LJ (Est)",
    "city": "Milton Keynes",
    "lat": 52.0670,
    "lng": -0.7720,
    "features": ["Self-Service", "Service Wash", "Dry Cleaning Agent"],
    "openingHours": "Mon-Sat: 8:00am - 7:00pm, Sun: Closed",
    "website": "",
    "isPremium": false,
    "reviewCount": 6,
    "rating": 4.0
  },
  {
    "name": "Bletchley Launderette",
    "address": "38 Queensway, Bletchley, Milton Keynes, MK2 2SW (Est)",
    "city": "Milton Keynes",
    "lat": 51.9960,
    "lng": -0.7390,
    "features": ["Coin-Op", "Attended (Partial)", "Local Focus"],
    "openingHours": "Mon-Fri: 8:30am - 6:00pm, Sat: 8:30am - 4:00pm, Sun: Closed",
    "website": "",
    "isPremium": false,
    "reviewCount": 7,
    "rating": 4.2
  },
  {
    "name": "The Iron Bridge Launderette",
    "address": "1 Chicheley St, Newport Pagnell, Milton Keynes, MK16 9AP",
    "city": "Milton Keynes",
    "lat": 52.0690,
    "lng": -0.7330,
    "features": ["Launderette", "Self-Service", "Historic Location"],
    "openingHours": "Mon-Sun: 7:00am - 9:00pm",
    "website": "",
    "isPremium": false,
    "reviewCount": 4,
    "rating": 3.8
  },
  {
    "name": "The Laundry Basket (Olney)",
    "address": "1 Midland Rd, Olney, Milton Keynes, MK46 4BL (Est)",
    "city": "Milton Keynes",
    "lat": 52.1550,
    "lng": -0.7070,
    "features": ["Service Wash", "Ironing Service", "Small Town Focus"],
    "openingHours": "Mon-Fri: 9:00am - 5:00pm, Sat: 9:00am - 1:00pm, Sun: Closed",
    "website": "",
    "isPremium": false,
    "reviewCount": 3,
    "rating": 4.6
  },
  {
    "name": "Bells Launderette",
    "address": "216 Kettering Rd, Northampton, NN1 4BN",
    "city": "Northampton",
    "lat": 52.2470,
    "lng": -0.8760,
    "features": ["Self-Service", "Service Wash", "Open 7 Days"],
    "openingHours": "Mon-Sun: 8:30am - 4:00pm",
    "website": "https://www.yell.com/biz/bells-launderette-northampton-7313171/",
    "isPremium": false,
    "reviewCount": 10,
    "rating": 4.5
  },
  {
    "name": "Wash.ME (Weston Favell Centre)",
    "address": "Weston Favell Centre, Northampton, NN3 8JZ",
    "city": "Northampton",
    "lat": 52.2570,
    "lng": -0.8400,
    "features": ["24/7 Outdoor Machine (Revolution)", "Large Capacity", "Contactless Payment"],
    "openingHours": "24/7",
    "website": "https://stores.revolution-laundry.com/",
    "isPremium": false,
    "reviewCount": 15,
    "rating": 4.0
  },
  {
    "name": "Alpha Laundry & Dry Cleaners",
    "address": "93 Weedon Road, St James, Northampton, NN5 5BG (Agent)",
    "city": "Northampton",
    "lat": 52.2450,
    "lng": -0.9150,
    "features": ["Dry Cleaning Drop-Off", "Collection/Delivery", "Tailored Service"],
    "openingHours": "Mon-Fri: 8:30am - 5:00pm, Sat: 9:00am - 1:00pm, Sun: Closed",
    "website": "https://www.alphalaundry.co.uk/",
    "isPremium": true,
    "reviewCount": 7,
    "rating": 4.3
  },
  {
    "name": "Wash.ME (Little Billing BP)",
    "address": "The Causeway, Little Billing, Northampton, NN3 9DA (BP Site)",
    "city": "Northampton",
    "lat": 52.2500,
    "lng": -0.8000,
    "features": ["24/7 Outdoor Machine (Revolution)", "Service Station Location"],
    "openingHours": "24/7",
    "website": "https://stores.revolution-laundry.com/",
    "isPremium": false,
    "reviewCount": 8,
    "rating": 3.9
  },
  {
    "name": "Kingsthorpe Launderette",
    "address": "15 Harborough Rd, Kingsthorpe, Northampton, NN2 7SL (Est)",
    "city": "Northampton",
    "lat": 52.2680,
    "lng": -0.9000,
    "features": ["Self-Service", "Service Wash", "Duvet Cleaning"],
    "openingHours": "Mon-Sat: 8:00am - 6:00pm, Sun: Closed",
    "website": "",
    "isPremium": false,
    "reviewCount": 5,
    "rating": 4.2
  },
  {
    "name": "Far Cotton Launderette",
    "address": "129 Main Rd, Far Cotton, Northampton, NN4 8EN (Est)",
    "city": "Northampton",
    "lat": 52.2220,
    "lng": -0.8900,
    "features": ["Launderette", "Coin-Op", "Local Service"],
    "openingHours": "Mon-Sun: 7:00am - 8:00pm",
    "website": "",
    "isPremium": false,
    "reviewCount": 4,
    "rating": 4.1
  },
  {
    "name": "Weedon Wash.ME",
    "address": "Watling Street, Weedon, Northampton, NN7 4PX",
    "city": "Northampton",
    "lat": 52.2850,
    "lng": -1.0660,
    "features": ["24/7 Outdoor Machine (Revolution)", "Easy Access", "HGV Friendly"],
    "openingHours": "24/7",
    "website": "https://stores.revolution-laundry.com/",
    "isPremium": false,
    "reviewCount": 6,
    "rating": 4.0
  },
  {
    "name": "Abington Launderette",
    "address": "54 Wellingborough Rd, Abington, Northampton, NN1 4DX (Est)",
    "city": "Northampton",
    "lat": 52.2410,
    "lng": -0.8800,
    "features": ["Self-Service", "Attended (Partial)", "Town Centre"],
    "openingHours": "Mon-Fri: 8:00am - 6:30pm, Sat: 8:00am - 5:00pm, Sun: Closed",
    "website": "",
    "isPremium": false,
    "reviewCount": 3,
    "rating": 4.3
  },
  {
    "name": "Grange Park Launderette",
    "address": "1 Grange Rd, Grange Park, Northampton, NN4 5BP (Est)",
    "city": "Northampton",
    "lat": 52.2030,
    "lng": -0.8970,
    "features": ["Launderette", "Duvet Cleaning", "Service Wash"],
    "openingHours": "Mon-Sat: 8:30am - 5:00pm, Sun: Closed",
    "website": "",
    "isPremium": false,
    "reviewCount": 2,
    "rating": 4.6
  },
  {
    "name": "The Ironing Lady (Northampton)",
    "address": "10 Billing Rd, Northampton, NN1 5AT (Est)",
    "city": "Northampton",
    "lat": 52.2380,
    "lng": -0.8800,
    "features": ["Ironing Service", "Collection/Delivery", "High Quality Finish"],
    "openingHours": "Mon-Fri: 9:00am - 5:00pm, Sat-Sun: Closed",
    "website": "",
    "isPremium": true,
    "reviewCount": 4,
    "rating": 4.7
  },
  {
    "name": "Rex Coin Op Laundrette",
    "address": "52 Bishopscote Rd, Luton, LU3 1PB",
    "city": "Luton",
    "lat": 51.9050,
    "lng": -0.4210,
    "features": ["Self-Service", "Mobile Laundry Service", "Large Machines (18kg)", "Ample Parking"],
    "openingHours": "Mon-Sat: 7:30am - 8:30pm, Sun: 7:30am - 7:30pm",
    "website": "https://www.yell.com/biz/rex-coin-op-launderette-luton-10118503/",
    "isPremium": true,
    "reviewCount": 20,
    "rating": 4.5
  },
  {
    "name": "Round Green Laundrette & Dry Cleaning",
    "address": "331 Hitchin Rd, Luton, LU2 7SW",
    "city": "Luton",
    "lat": 51.8900,
    "lng": -0.3950,
    "features": ["Self-Service", "Dry Cleaning", "High Capacity Dryers", "Open 7 Days"],
    "openingHours": "Mon-Sun: 7:00am - 8:00pm",
    "website": "https://round-green-laundrette-dry-cleaning.wheree.com/",
    "isPremium": false,
    "reviewCount": 15,
    "rating": 4.6
  },
  {
    "name": "Leagrave Launderette",
    "address": "9 High St, Leagrave, Luton, LU4 9JU",
    "city": "Luton",
    "lat": 51.9160,
    "lng": -0.4430,
    "features": ["Launderette", "Coin-Op", "Local Service"],
    "openingHours": "Mon-Sat: 8:00am - 6:00pm, Sun: Closed",
    "website": "",
    "isPremium": false,
    "reviewCount": 8,
    "rating": 4.1
  },
  {
    "name": "30 Degrees Launderette (Dunstable)",
    "address": "61 Katherine Drive, Dunstable, LU5 4NP",
    "city": "Luton",
    "lat": 51.8840,
    "lng": -0.5100,
    "features": ["Self-Service", "Attended", "Commercial Service", "TV & WiFi"],
    "openingHours": "Mon-Fri: 8:00am - 8:00pm, Sat: 8:00am - 7:00pm, Sun: 8:00am - 6:00pm",
    "website": "https://30degs.co.uk/",
    "isPremium": true,
    "reviewCount": 12,
    "rating": 4.8
  },
  {
    "name": "Town Tub Enterprises Ltd",
    "address": "74 Birdsfoot Lane, Luton, LU3 2DQ",
    "city": "Luton",
    "lat": 51.9050,
    "lng": -0.4400,
    "features": ["Launderette", "Service Wash", "Duvet Cleaning"],
    "openingHours": "Mon-Sat: 8:00am - 6:00pm, Sun: Closed",
    "website": "",
    "isPremium": false,
    "reviewCount": 5,
    "rating": 4.0
  },
  {
    "name": "Wash.ME (Leagrave Road Shell)",
    "address": "Leagrave Rd, Luton, LU3 1RJ (Shell Site)",
    "city": "Luton",
    "lat": 51.9010,
    "lng": -0.4450,
    "features": ["24/7 Outdoor Machine (Revolution)", "Service Station Location", "Large Capacity"],
    "openingHours": "24/7",
    "website": "https://stores.revolution-laundry.com/",
    "isPremium": false,
    "reviewCount": 10,
    "rating": 3.7
  },
  {
    "name": "The Linen Basket (Ironing Service)",
    "address": "Servicing LU postcodes (Virtual Listing)",
    "city": "Luton",
    "lat": 51.8800,
    "lng": -0.4200,
    "features": ["Ironing Service", "Free Collection/Delivery", "24 Hour Turn Around"],
    "openingHours": "Mon-Fri: 9:00am - 9:00pm, Sat-Sun: Closed (Service)",
    "website": "https://thelaundrybasket-toddington.co.uk/",
    "isPremium": true,
    "reviewCount": 6,
    "rating": 4.8
  },
  {
    "name": "Lois Launderette & Dry Cleaners",
    "address": "60 Langdale Rd, Dunstable, LU6 3BS (Est)",
    "city": "Luton",
    "lat": 51.8890,
    "lng": -0.5200,
    "features": ["Launderette", "Dry Cleaning", "Service Wash"],
    "openingHours": "Mon-Sat: 8:30am - 5:30pm, Sun: Closed",
    "website": "",
    "isPremium": true,
    "reviewCount": 3,
    "rating": 5.0
  },
  {
    "name": "Dunstable Quad Laundrette",
    "address": "Quadrant Shopping Centre, 17-19 Broadwalk, Dunstable, LU5 4RH (Est)",
    "city": "Luton",
    "lat": 51.8840,
    "lng": -0.5250,
    "features": ["Self-Service", "Service Wash", "Shopping Centre Location"],
    "openingHours": "Mon-Sat: 8:00am - 6:00pm, Sun: 10:00am - 4:00pm",
    "website": "",
    "isPremium": false,
    "reviewCount": 4,
    "rating": 4.3
  },
  {
    "name": "Houghton Regis Launderette",
    "address": "15 High St, Houghton Regis, Luton, LU5 5AF (Est)",
    "city": "Luton",
    "lat": 51.9050,
    "lng": -0.5280,
    "features": ["Launderette", "Coin-Op", "Attended (Partial)"],
    "openingHours": "Mon-Sat: 8:00am - 6:00pm, Sun: Closed",
    "website": "",
    "isPremium": false,
    "reviewCount": 5,
    "rating": 3.9
  }
]
