[
  {
    "name": "The Washing Well Launderette",
    "address": "28 Chipper Lane, Salisbury, SP1 1BG",
    "city": "Salisbury",
    "lat": 51.0699,
    "lng": -1.7960,
    "features": ["Self-Service", "Service Wash", "Duvet Cleaning", "Established (30+ years)", "City Centre"],
    "openingHours": "Mon-Sat: 8:00am - 9:00pm, Sun: 8:00am - 9:00pm",
    "website": "https://www.salisburylaunderette.co.uk/",
    "isPremium": true,
    "reviewCount": 15,
    "rating": 4.5
  },
  {
    "name": "Timpson Dry Cleaning (Tesco Salisbury)",
    "address": "Tesco, Southampton Road, Salisbury, SP1 2NY",
    "city": "Salisbury",
    "lat": 51.0760,
    "lng": -1.7850,
    "features": ["Dry Cleaning Drop-Off", "In-Store Agent", "Key Cutting", "Shoe Repair"],
    "openingHours": "Mon-Sat: 9:00am - 6:00pm, Sun: 10:00am - 4:00pm",
    "website": "https://www.timpson.co.uk/",
    "isPremium": true,
    "reviewCount": 5,
    "rating": 4.3
  },
  {
    "name": "Wash ME Launderette (Wilton Road)",
    "address": "108 Wilton Road, Salisbury, SP2 7JJ",
    "city": "Salisbury",
    "lat": 51.0740,
    "lng": -1.8190,
    "features": ["24/7 Outdoor Machine", "Large Capacity", "Card Payment"],
    "openingHours": "24/7",
    "website": "https://stores.revolution-laundry.com/",
    "isPremium": false,
    "reviewCount": 4,
    "rating": 4.0
  },
  {
    "name": "Love2Laundry Salisbury (Collection/Delivery)",
    "address": "Servicing SP postcodes (Virtual Listing)",
    "city": "Salisbury",
    "lat": 51.0690,
    "lng": -1.8000,
    "features": ["Collection/Delivery", "24hr Turnaround", "App Service", "Dry Cleaning"],
    "openingHours": "24/7 Booking",
    "website": "https://www.love2laundry.com/",
    "isPremium": true,
    "reviewCount": 10,
    "rating": 4.6
  },
  {
    "name": "Amesbury Launderette",
    "address": "2 London Road, Amesbury, SP4 7DY (Est)",
    "city": "Salisbury",
    "lat": 51.1730,
    "lng": -1.7770,
    "features": ["Launderette", "Service Wash", "Duvet Cleaning", "Town Focus"],
    "openingHours": "Mon-Sat: 8:30am - 5:00pm, Sun: Closed",
    "website": "",
    "isPremium": false,
    "reviewCount": 3,
    "rating": 3.9
  },
  {
    "name": "Tisbury Launderette",
    "address": "High Street, Tisbury, SP3 6AD (Est)",
    "city": "Salisbury",
    "lat": 51.0800,
    "lng": -2.0600,
    "features": ["Village Launderette", "Self-Service", "Small Capacity"],
    "openingHours": "Mon-Sun: 8:00am - 8:00pm",
    "website": "",
    "isPremium": false,
    "reviewCount": 2,
    "rating": 4.1
  },
  {
    "name": "Andover Launderette",
    "address": "52 Bridge St, Andover, SP10 1BW (Est)",
    "city": "Salisbury",
    "lat": 51.2070,
    "lng": -1.4800,
    "features": ["Self-Service", "Coin-Op", "Town Centre"],
    "openingHours": "Mon-Sun: 7:00am - 9:00pm",
    "website": "",
    "isPremium": false,
    "reviewCount": 5,
    "rating": 4.0
  },
  {
    "name": "Shaftesbury Laundry",
    "address": "High St, Shaftesbury, SP7 8AT (Est)",
    "city": "Salisbury",
    "lat": 51.0000,
    "lng": -2.1900,
    "features": ["Launderette", "Service Wash", "Duvet Cleaning"],
    "openingHours": "Mon-Sat: 9:00am - 5:00pm, Sun: Closed",
    "website": "",
    "isPremium": false,
    "reviewCount": 4,
    "rating": 4.2
  },
  {
    "name": "Warminster Launderette",
    "address": "2 High St, Warminster, BA12 9AJ (Est)",
    "city": "Salisbury",
    "lat": 51.2150,
    "lng": -2.1700,
    "features": ["Self-Service", "Dry Cleaning Agent"],
    "openingHours": "Mon-Sun: 7:00am - 8:00pm",
    "website": "",
    "isPremium": false,
    "reviewCount": 3,
    "rating": 3.7
  },
  {
    "name": "Romsey Launderette",
    "address": "5 Market Place, Romsey, SO51 8YN (Est)",
    "city": "Salisbury",
    "lat": 50.9890,
    "lng": -1.4900,
    "features": ["Launderette", "Attended (Partial)", "Town Centre"],
    "openingHours": "Mon-Sat: 8:30am - 5:00pm, Sun: Closed",
    "website": "",
    "isPremium": false,
    "reviewCount": 2,
    "rating": 4.5
  },
  {
    "name": "The Dolly Tub Launderette (City Centre)",
    "address": "4 Margaret's Buildings, Bath, BA1 2LP",
    "city": "Bath",
    "lat": 51.3850,
    "lng": -2.3610,
    "features": ["Self-Service", "Coin-Op", "Central Location", "Pub/Cafe Nearby"],
    "openingHours": "Mon-Sun: 8:00am - 8:00pm",
    "website": "https://www.dollytub-laundrette.co.uk/",
    "isPremium": true,
    "reviewCount": 10,
    "rating": 4.5
  },
  {
    "name": "Spruce Goose Launderette (Royal Crescent)",
    "address": "4 Margaret's Buildings, Bath, BA1 2LP",
    "city": "Bath",
    "lat": 51.3850,
    "lng": -2.3610,
    "features": ["Self-Service", "Commercial Washers", "Water Softener", "Open 365 Days"],
    "openingHours": "Mon-Sun: 8:00am - 8:00pm",
    "website": "https://www.sprucegooselaunderette.co.uk/",
    "isPremium": true,
    "reviewCount": 12,
    "rating": 4.7
  },
  {
    "name": "Lennie's Laundrette",
    "address": "Noads Corner, Upper Bloomfield Rd, Bath, BA2 2RX",
    "city": "Bath",
    "lat": 51.3730,
    "lng": -2.3550,
    "features": ["Self-Service (Coin/Contactless)", "Manned (Partial)", "Clean Air Zone Exempt"],
    "openingHours": "Mon-Sun: 7:00am - 8:00pm",
    "website": "https://www.lennieslaundrette.com/",
    "isPremium": true,
    "reviewCount": 8,
    "rating": 4.8
  },
  {
    "name": "Love2Laundry Bath (Collection/Delivery)",
    "address": "Servicing BA postcodes (Virtual Listing)",
    "city": "Bath",
    "lat": 51.3800,
    "lng": -2.3500,
    "features": ["Collection/Delivery", "24hr Turnaround", "App Service", "Dry Cleaning"],
    "openingHours": "24/7 Booking",
    "website": "https://www.love2laundry.com/",
    "isPremium": true,
    "reviewCount": 15,
    "rating": 4.6
  },
  {
    "name": "Speedywash Laundry Services (London Road)",
    "address": "4 London Rd, Bath, BA1 6PT",
    "city": "Bath",
    "lat": 51.3900,
    "lng": -2.3500,
    "features": ["Service Wash", "Dry Cleaning", "Ironing", "Duvet Cleaning"],
    "openingHours": "Mon-Fri: 8:30am - 5:30pm, Sat: 9:00am - 1:00pm, Sun: Closed",
    "website": "https://www.speedywashltd.co.uk/",
    "isPremium": true,
    "reviewCount": 10,
    "rating": 5.0
  },
  {
    "name": "The Bath Laundry Company (Wet-Cleaning)",
    "address": "Unit 10, Old Mills Estate, Paulton, BS39 7SU",
    "city": "Bath",
    "lat": 51.3100,
    "lng": -2.5300,
    "features": ["Wet-Cleaning (Eco-Friendly)", "Commercial Focus", "Duvet Wash"],
    "openingHours": "Tue-Fri: 8:30am - 1:00pm (Counter), Often Manned Outside Hours",
    "website": "https://thebathlaundry.co.uk/",
    "isPremium": false,
    "reviewCount": 3,
    "rating": 4.5
  },
  {
    "name": "Widcombe Laundry Co.",
    "address": "22 Claverton Buildings, Bath, BA2 4LD",
    "city": "Bath",
    "lat": 51.3780,
    "lng": -2.3480,
    "features": ["Self-Service", "Dry Cleaning", "Curtain Cleaning"],
    "openingHours": "Tue-Thu: 9:00am - 5:00pm (Staffed), Mon, Fri, Sat, Sun: Self-Service Only",
    "website": "https://www.yell.com/biz/widcombe-laundry-co-ltd-bath-10459737/",
    "isPremium": false,
    "reviewCount": 5,
    "rating": 4.1
  },
  {
    "name": "The Ironing Shop (Bath)",
    "address": "7 London St, Bath, BA1 5BU",
    "city": "Bath",
    "lat": 51.3850,
    "lng": -2.3600,
    "features": ["Ironing Service", "Laundry Drop-Off", "City Centre"],
    "openingHours": "Mon-Fri: 9:00am - 5:00pm, Sat: 9:00am - 1:00pm, Sun: Closed",
    "website": "https://www.yell.com/biz/the-ironing-shop-bath-10332279/",
    "isPremium": false,
    "reviewCount": 4,
    "rating": 4.0
  },
  {
    "name": "Radstock Launderette",
    "address": "Wells Rd, Radstock, BA3 3RL (Est)",
    "city": "Bath",
    "lat": 51.3100,
    "lng": -2.4300,
    "features": ["Self-Service", "Town Focus"],
    "openingHours": "Mon-Sun: 8:00am - 8:00pm",
    "website": "",
    "isPremium": false,
    "reviewCount": 2,
    "rating": 3.5
  },
  {
    "name": "Trowbridge Launderette",
    "address": "45a Union St, Trowbridge, BA14 8RY (Est)",
    "city": "Bath",
    "lat": 51.3200,
    "lng": -2.2100,
    "features": ["Launderette", "Coin-Op", "Late Close"],
    "openingHours": "Mon-Sun: 7:00am - 9:00pm",
    "website": "",
    "isPremium": false,
    "reviewCount": 3,
    "rating": 4.2
  },
  {
    "name": "Stow Hill Launderette & Drycleaners",
    "address": "117 Stow Hill, Newport, NP20 4ED",
    "city": "Newport",
    "lat": 51.5870,
    "lng": -3.0060,
    "features": ["Self-Service", "Dry Cleaning", "Service Wash", "Duvet Cleaning", "Long Hours"],
    "openingHours": "Mon-Sun: 8:00am - 8:00pm",
    "website": "https://www.yell.com/biz/stow-hill-launderette-and-drycleaners-newport-9575014/",
    "isPremium": true,
    "reviewCount": 10,
    "rating": 4.3
  },
  {
    "name": "Admiral Cleaners (Chepstow Road)",
    "address": "362 Chepstow Road, Newport, NP19 8JH",
    "city": "Newport",
    "lat": 51.5830,
    "lng": -2.9650,
    "features": ["Dry Cleaning", "Launderette Service", "Ironing", "Contract Laundry", "Lowest Prices"],
    "openingHours": "Mon-Fri: 8:30am - 6:00pm, Sat: 8:30am - 4:00pm, Sun: 10:00am - 4:00pm",
    "website": "https://www.yell.com/biz/admiral-cleaners-newport-901307356/",
    "isPremium": true,
    "reviewCount": 8,
    "rating": 4.4
  },
  {
    "name": "Love2Laundry Newport (Collection/Delivery)",
    "address": "Servicing NP postcodes (Virtual Listing)",
    "city": "Newport",
    "lat": 51.5800,
    "lng": -3.0000,
    "features": ["Collection/Delivery", "24hr Turnaround", "App Service", "Dry Cleaning"],
    "openingHours": "24/7 Booking",
    "website": "https://www.love2laundry.com/",
    "isPremium": true,
    "reviewCount": 12,
    "rating": 4.6
  },
  {
    "name": "Wash ME Launderette (Texaco Bettws)",
    "address": "Texaco, Monnow Way, Bettws, Newport, NP20 7DB",
    "city": "Newport",
    "lat": 51.5790,
    "lng": -3.0210,
    "features": ["24/7 Outdoor Machine", "Large Capacity", "Card Payment"],
    "openingHours": "24/7",
    "website": "https://stores.revolution-laundry.com/",
    "isPremium": false,
    "reviewCount": 5,
    "rating": 4.0
  },
  {
    "name": "Wash ME Launderette (Morrisons Rogerstone)",
    "address": "Morrisons, Azalea Road, Rogerstone, Newport, NP10 9SA",
    "city": "Newport",
    "lat": 51.6030,
    "lng": -3.0650,
    "features": ["24/7 Outdoor Machine", "Large Capacity", "Card Payment"],
    "openingHours": "24/7",
    "website": "https://stores.revolution-laundry.com/",
    "isPremium": false,
    "reviewCount": 4,
    "rating": 4.1
  },
  {
    "name": "Rogerstone Launderette",
    "address": "High Street, Rogerstone, Newport, NP10 9AR (Est)",
    "city": "Newport",
    "lat": 51.5950,
    "lng": -3.0600,
    "features": ["Self-Service", "Town Focus"],
    "openingHours": "Mon-Sun: 7:00am - 9:00pm",
    "website": "",
    "isPremium": false,
    "reviewCount": 2,
    "rating": 3.7
  },
  {
    "name": "Risca Launderette",
    "address": "25 Commercial St, Risca, NP11 6BU (Est)",
    "city": "Newport",
    "lat": 51.6150,
    "lng": -3.0900,
    "features": ["Launderette", "Attended (Partial)"],
    "openingHours": "Mon-Sat: 9:00am - 5:00pm, Sun: Closed",
    "website": "",
    "isPremium": false,
    "reviewCount": 3,
    "rating": 4.0
  },
  {
    "name": "Cwmbran Launderette",
    "address": "2 Llywelyn Road, Cwmbran, NP44 1DJ (Est)",
    "city": "Newport",
    "lat": 51.6660,
    "lng": -3.0200,
    "features": ["Self-Service", "Service Wash", "Duvet Cleaning"],
    "openingHours": "Mon-Sun: 7:30am - 8:00pm",
    "website": "",
    "isPremium": false,
    "reviewCount": 4,
    "rating": 4.2
  },
  {
    "name": "Monmouth Launderette",
    "address": "21 Monnow St, Monmouth, NP25 3ES (Est)",
    "city": "Newport",
    "lat": 51.8100,
    "lng": -2.7100,
    "features": ["Launderette", "Town Centre", "Dry Cleaning Agent"],
    "openingHours": "Mon-Sat: 8:30am - 5:00pm, Sun: Closed",
    "website": "",
    "isPremium": false,
    "reviewCount": 2,
    "rating": 3.9
  },
  {
    "name": "Chepstow Launderette",
    "address": "High St, Chepstow, NP16 5DD (Est)",
    "city": "Newport",
    "lat": 51.6400,
    "lng": -2.6700,
    "features": ["Self-Service", "Border Town Focus"],
    "openingHours": "Mon-Sun: 7:00am - 8:00pm",
    "website": "",
    "isPremium": false,
    "reviewCount": 3,
    "rating": 4.1
  }
]
