[
  {
    "name": "Old Cinema Launderette",
    "address": "38 Marshall Terrace, Durham, DH1 2HX",
    "city": "Durham",
    "lat": 54.7808,
    "lng": -1.5540,
    "features": ["Service Wash", "Self-Service", "Licensed Café/Bar", "Dry Cleaning", "Venue Hire"],
    "openingHours": "Mon-Fri: 8:00am - 6:00pm, Sat: 8:00am - 4:00pm, Sun: Closed",
    "website": "https://oldcinemalaunderette.uk/",
    "isPremium": true,
    "reviewCount": 232,
    "rating": 4.6
  },
  {
    "name": "Full Steam Ahead (Ironing & Laundry)",
    "address": "28b Sutton Street, Durham, DH1 4DA",
    "city": "Durham",
    "lat": 54.7790,
    "lng": -1.5750,
    "features": ["Ironing Service", "Washing/Dry-Cleaning", "Collection/Delivery", "City Centre"],
    "openingHours": "Mon-Fri: 8:00am - 5:00pm, Sat-Sun: Closed",
    "website": "https://fullsteamaheadlaundry.com/",
    "isPremium": true,
    "reviewCount": 45,
    "rating": 4.8
  },
  {
    "name": "Love2Laundry Durham (Collection/Delivery)",
    "address": "Servicing DH postcodes (Virtual Listing)",
    "city": "Durham",
    "lat": 54.7750,
    "lng": -1.5700,
    "features": ["Collection/Delivery", "24hr Turnaround", "App Service", "Dry Cleaning"],
    "openingHours": "24/7 Booking",
    "website": "https://www.love2laundry.com/",
    "isPremium": true,
    "reviewCount": 18,
    "rating": 4.6
  },
  {
    "name": "Coinwash (Gilesgate)",
    "address": "12 Gilesgate, Durham, DH1 1QQ (Est)",
    "city": "Durham",
    "lat": 54.7785,
    "lng": -1.5590,
    "features": ["Self-Service", "Coin-Op", "Student Focus"],
    "openingHours": "Mon-Sun: 7:00am - 9:00pm",
    "website": "",
    "isPremium": false,
    "reviewCount": 10,
    "rating": 3.9
  },
  {
    "name": "T L C Laundry Services (Chester-le-Street)",
    "address": "Unit 3 Old Co-Op Buildings, Durham Rd, DH3 2PS",
    "city": "Durham",
    "lat": 54.8510,
    "lng": -1.5640,
    "features": ["Service Wash", "Self-Service", "Dry Cleaning", "Commercial Contracts"],
    "openingHours": "Mon-Fri: 8:30am - 5:30pm, Sat-Sun: Closed",
    "website": "https://www.yell.com/biz/t-l-c-laundry-services-chester-le-street-10255556/",
    "isPremium": false,
    "reviewCount": 15,
    "rating": 3.4
  },
  {
    "name": "Church Street Launderette (Shildon)",
    "address": "72 Church St, Shildon, DL4 1DY",
    "city": "Durham",
    "lat": 54.6290,
    "lng": -1.6370,
    "features": ["Service Wash", "Duvet Cleaning", "Long Established", "Family Run"],
    "openingHours": "Mon-Fri: 10:00am - 4:00pm, Sat: 10:00am - 3:00pm, Sun: Closed",
    "website": "http://www.cs-launderette.co.uk/",
    "isPremium": false,
    "reviewCount": 24,
    "rating": 4.8
  },
  {
    "name": "Washeteria (Chester-le-Street)",
    "address": "3 Ashfield Terrace, Chester Le Street, DH3 3PD (Est)",
    "city": "Durham",
    "lat": 54.8560,
    "lng": -1.5590,
    "features": ["Self-Service", "Service Wash", "Dry Cleaning Agent"],
    "openingHours": "Mon-Sat: 9:00am - 5:00pm, Sun: Closed",
    "website": "",
    "isPremium": false,
    "reviewCount": 4,
    "rating": 4.0
  },
  {
    "name": "Crook Launderette",
    "address": "15 Church St, Crook, DL15 9AD (Est)",
    "city": "Durham",
    "lat": 54.7070,
    "lng": -1.7450,
    "features": ["Town Centre", "Self-Service", "Coin-Op"],
    "openingHours": "Mon-Sun: 7:00am - 9:00pm",
    "website": "",
    "isPremium": false,
    "reviewCount": 2,
    "rating": 4.1
  },
  {
    "name": "Spennymoor Launderette",
    "address": "3 High St, Spennymoor, DL16 6DB (Est)",
    "city": "Durham",
    "lat": 54.7080,
    "lng": -1.5830,
    "features": ["Service Wash", "Duvet Cleaning"],
    "openingHours": "Mon-Fri: 8:30am - 5:00pm, Sat: 8:30am - 12:00pm, Sun: Closed",
    "website": "",
    "isPremium": false,
    "reviewCount": 3,
    "rating": 4.2
  },
  {
    "name": "Wolsingham Launderette",
    "address": "15 Front St, Wolsingham, DL13 3AB (Est)",
    "city": "Durham",
    "lat": 54.7170,
    "lng": -1.8900,
    "features": ["Village Service", "Dry Cleaning Agent"],
    "openingHours": "Mon-Fri: 9:00am - 5:00pm, Sat-Sun: Closed",
    "website": "",
    "isPremium": false,
    "reviewCount": 1,
    "rating": 4.5
  },
  {
    "name": "Phatehials Express Laundry Services",
    "address": "85 Parliament Rd, Middlesbrough, TS1 4JF",
    "city": "Middlesbrough",
    "lat": 54.5770,
    "lng": -1.2380,
    "features": ["Serviced & Self-Serviced Wash", "2 Hour Wash N Dry", "Same Day Pick-Up", "Open 7 Days"],
    "openingHours": "Mon-Sun: 11:00am - 6:00pm",
    "website": "https://www.expresslaundryservices.co.uk/",
    "isPremium": true,
    "reviewCount": 10,
    "rating": 4.0
  },
  {
    "name": "Love2Laundry Middlesbrough (Collection/Delivery)",
    "address": "Servicing TS postcodes (Virtual Listing)",
    "city": "Middlesbrough",
    "lat": 54.5800,
    "lng": -1.2400,
    "features": ["Collection/Delivery", "24hr Turnaround", "App Service", "Dry Cleaning"],
    "openingHours": "24/7 Booking",
    "website": "https://www.love2laundry.com/",
    "isPremium": true,
    "reviewCount": 15,
    "rating": 4.6
  },
  {
    "name": "Lovely Laundry Ltd (Stockton-on-Tees)",
    "address": "2 Douglas Close, Preston Farm Ind Est, TS18 3SB",
    "city": "Middlesbrough",
    "lat": 54.5680,
    "lng": -1.3320,
    "features": ["Dry Cleaning & Laundry", "Ironing Service", "Pick Up And Delivery"],
    "openingHours": "Mon-Fri: 9:00am - 5:00pm, Sat: 9:00am - 1:00pm, Sun: Closed",
    "website": "https://lovely-laundry.co.uk/",
    "isPremium": true,
    "reviewCount": 13,
    "rating": 4.6
  },
  {
    "name": "Ideal Dry Cleaners (North Ormesby)",
    "address": "20 Beaumont Rd, Middlesbrough, TS3 6NL",
    "city": "Middlesbrough",
    "lat": 54.5710,
    "lng": -1.2180,
    "features": ["Dry Cleaning", "Tailoring", "Wedding Dresses"],
    "openingHours": "Mon-Fri: 9:00am - 3:00pm, Sat-Sun: Closed",
    "website": "https://www.yell.com/biz/ideal-dry-cleaners-middlesbrough-953249/",
    "isPremium": false,
    "reviewCount": 3,
    "rating": 4.7
  },
  {
    "name": "Bowesfield Dry Cleaners & Laundrette (Stockton)",
    "address": "20-22 Bowesfield Lane, Stockton-On-Tees, TS18 3EP",
    "city": "Middlesbrough",
    "lat": 54.5640,
    "lng": -1.3140,
    "features": ["Dry Cleaning", "Service Wash", "Long Established", "Family Run"],
    "openingHours": "Mon-Sat: 9:00am - 5:00pm, Sun: Closed",
    "website": "https://www.yell.com/biz/bowesfield-dry-cleaners-and-launderette-stockton-on-tees-901458021/",
    "isPremium": false,
    "reviewCount": 8,
    "rating": 4.0
  },
  {
    "name": "Erimus Cleaners (Acklam)",
    "address": "281 Acklam Rd, Middlesbrough, TS5 7BP",
    "city": "Middlesbrough",
    "lat": 54.5580,
    "lng": -1.2680,
    "features": ["Dry Cleaning", "Service Wash", "50+ Years Experience"],
    "openingHours": "Mon-Sat: 9:00am - 5:00pm, Sun: Closed",
    "website": "https://www.yell.com/biz/erimus-cleaners-middlesbrough-10022312/",
    "isPremium": false,
    "reviewCount": 4,
    "rating": 4.5
  },
  {
    "name": "Oxbridge Laundry & Dry Cleaning Centre",
    "address": "39 Oxbridge Lane, Stockton-On-Tees, TS18 4AP",
    "city": "Middlesbrough",
    "lat": 54.5670,
    "lng": -1.3200,
    "features": ["Self-Service", "Duvet Cleaning", "Commercial Washers"],
    "openingHours": "Mon-Sat: 9:00am - 5:00pm, Sun: Closed",
    "website": "https://www.yell.com/biz/oxbridge-laundrette-stockton-on-tees-901458021/",
    "isPremium": false,
    "reviewCount": 5,
    "rating": 4.8
  },
  {
    "name": "Mill Lane Launderette Ltd (Billingham)",
    "address": "38 Mill Lane, Billingham, TS23 1HF",
    "city": "Middlesbrough",
    "lat": 54.6200,
    "lng": -1.2800,
    "features": ["Dry Cleaning", "Service Wash", "Attended Coin-Op"],
    "openingHours": "Mon-Fri: 9:00am - 4:00pm, Sat: 10:00am - 4:00pm, Sun: Closed",
    "website": "https://www.yell.com/biz/mill-lane-launderette-ltd-billingham-4404018/",
    "isPremium": false,
    "reviewCount": 4,
    "rating": 3.8
  },
  {
    "name": "Yarm Dry Cleaners (Yarm)",
    "address": "1a Fairfax Court, Yarm, TS15 9QZ",
    "city": "Middlesbrough",
    "lat": 54.5080,
    "lng": -1.3320,
    "features": ["Dry Cleaning", "Wedding Dresses", "Quick Turnaround"],
    "openingHours": "Mon-Sat: 9:00am - 5:30pm, Sun: Closed",
    "website": "https://www.yell.com/biz/yarm-dry-cleaners-yarm-10255557/",
    "isPremium": false,
    "reviewCount": 2,
    "rating": 4.4
  },
  {
    "name": "Ironed Out (Ironing/Laundry)",
    "address": "Bramthorn Business Centre, Middlesbrough, TS3 9PD",
    "city": "Middlesbrough",
    "lat": 54.5620,
    "lng": -1.1890,
    "features": ["Ironing Service", "Domestic & Commercial", "Collection/Delivery"],
    "openingHours": "Mon-Fri: 9:30am - 5:00pm, Sat-Sun: Closed",
    "website": "https://www.yell.com/biz/ironed-out-middlesbrough-10255558/",
    "isPremium": false,
    "reviewCount": 1,
    "rating": 5.0
  },
  {
    "name": "The Laundry & Dry Cleaning Centre (Murray St)",
    "address": "8 Murray St, Hartlepool, TS26 8PB",
    "city": "Hartlepool",
    "lat": 54.6860,
    "lng": -1.2160,
    "features": ["Service Wash", "Duvet Cleaning", "Ironing Service", "Family Run"],
    "openingHours": "Mon-Fri: 8:00am - 4:30pm, Sat-Sun: Closed",
    "website": "https://www.yell.com/biz/the-laundry-and-dry-cleaning-centre-hartlepool-hartlepool-1053595/",
    "isPremium": true,
    "reviewCount": 8,
    "rating": 4.5
  },
  {
    "name": "Ashbank Laundry (Oxford Rd)",
    "address": "128 Oxford Rd, Hartlepool, TS25 5RH",
    "city": "Hartlepool",
    "lat": 54.6730,
    "lng": -1.2280,
    "features": ["Self-Service", "Service Wash", "Dry Cleaning", "Same Day Service"],
    "openingHours": "Mon-Fri: 9:00am - 5:00pm, Sat-Sun: Closed",
    "website": "https://ashbanklaunderettes.co.uk/",
    "isPremium": true,
    "reviewCount": 12,
    "rating": 4.7
  },
  {
    "name": "Love2Laundry Hartlepool (Collection/Delivery)",
    "address": "Servicing TS postcodes (Virtual Listing)",
    "city": "Hartlepool",
    "lat": 54.6900,
    "lng": -1.2100,
    "features": ["Collection/Delivery", "24hr Turnaround", "App Service", "Dry Cleaning"],
    "openingHours": "24/7 Booking",
    "website": "https://www.love2laundry.com/",
    "isPremium": true,
    "reviewCount": 15,
    "rating": 4.6
  },
  {
    "name": "Northgate Cleaners (Launderette)",
    "address": "25 Northgate, Hartlepool, TS24 0JT",
    "city": "Hartlepool",
    "lat": 54.6900,
    "lng": -1.2000,
    "features": ["Launderette", "Dry Cleaning Agent", "Local Service"],
    "openingHours": "Mon-Sat: 9:00am - 6:00pm, Sun: 9:00am - 12:30pm",
    "website": "https://www.yell.com/biz/northgate-cleaners-hartlepool-6695888/",
    "isPremium": false,
    "reviewCount": 5,
    "rating": 4.2
  },
  {
    "name": "Timpson Dry Cleaners (Tesco Hartlepool)",
    "address": "Belle Vue Way, Hartlepool, TS25 1UP",
    "city": "Hartlepool",
    "lat": 54.6790,
    "lng": -1.2180,
    "features": ["Dry Cleaning", "Key Cutting", "Watch Repair", "Shoe Repair"],
    "openingHours": "Mon-Sat: 9:00am - 6:00pm, Sun: 10:00am - 4:00pm",
    "website": "https://www.timpson.co.uk/",
    "isPremium": false,
    "reviewCount": 7,
    "rating": 4.5
  },
  {
    "name": "The Ironess (Ironing/Laundry)",
    "address": "72 Honiton Way, Hartlepool, TS25 2PU",
    "city": "Hartlepool",
    "lat": 54.6700,
    "lng": -1.1750,
    "features": ["Ironing Service", "Collection/Delivery", "Flexible Hours"],
    "openingHours": "Mon-Fri: 8:00am - 9:00pm, Sat-Sun: Closed",
    "website": "https://www.yell.com/biz/the-ironess-hartlepool-901458021/",
    "isPremium": false,
    "reviewCount": 3,
    "rating": 5.0
  },
  {
    "name": "Headland Launderette",
    "address": "15 Northgate, Hartlepool, TS24 0LS (Est)",
    "city": "Hartlepool",
    "lat": 54.6970,
    "lng": -1.1850,
    "features": ["Headland Focus", "Coin-Op", "Service Wash (Partial)"],
    "openingHours": "Mon-Fri: 8:30am - 5:00pm, Sat: 8:30am - 1:00pm, Sun: Closed",
    "website": "",
    "isPremium": false,
    "reviewCount": 2,
    "rating": 3.9
  },
  {
    "name": "Seaton Carew Launderette",
    "address": "1 The Front, Seaton Carew, TS25 1BS (Est)",
    "city": "Hartlepool",
    "lat": 54.6950,
    "lng": -1.1900,
    "features": ["Coastal Focus", "Self-Service", "Duvet Cleaning"],
    "openingHours": "Mon-Sun: 7:00am - 8:00pm",
    "website": "",
    "isPremium": false,
    "reviewCount": 4,
    "rating": 4.1
  },
  {
    "name": "Blackhall Launderette",
    "address": "1 High St, Blackhall Colliery, TS27 4AU (Est)",
    "city": "Hartlepool",
    "lat": 54.7300,
    "lng": -1.2850,
    "features": ["Village Launderette", "Dry Cleaning Agent"],
    "openingHours": "Mon-Fri: 9:00am - 5:00pm, Sat-Sun: Closed",
    "website": "",
    "isPremium": false,
    "reviewCount": 1,
    "rating": 4.3
  },
  {
    "name": "Billingham Laundroclean",
    "address": "39 West Precinct, Billingham, TS23 2NN (Est)",
    "city": "Hartlepool",
    "lat": 54.6180,
    "lng": -1.2950,
    "features": ["Attended Coin-Op", "Dry Cleaning", "Long Established"],
    "openingHours": "Mon-Sat: 9:00am - 5:00pm, Sun: Closed",
    "website": "",
    "isPremium": false,
    "reviewCount": 6,
    "rating": 4.0
  }
]
