[
  {
    "name": "Pit Stop Launderette",
    "address": "80 Northgate, Wakefield, WF1 3AY",
    "city": "Wakefield",
    "lat": 53.6820,
    "lng": -1.4940,
    "features": ["Self-Service", "Attended", "Duvet Cleaning", "City Centre"],
    "openingHours": "Mon-Wed, Fri: 8:00am - 5:30pm, Sat-Sun: 8:00am - 4:00pm, Thu: Closed",
    "website": "https://pitstopwakefield.squarespace.com/",
    "isPremium": false,
    "reviewCount": 15,
    "rating": 4.8
  },
  {
    "name": "Bubbles Launderette & Dry Cleaners",
    "address": "6 Cobham Parade, Outwood, Wakefield, WF1 2DY",
    "city": "Wakefield",
    "lat": 53.7050,
    "lng": -1.4550,
    "features": ["Service Wash (Drop-Off)", "Dry Cleaning", "Alterations"],
    "openingHours": "Mon-Tue, Thu-Fri: 9:00am - 5:00pm, Wed: 9:00am - 3:00pm, Sat: 9:00am - 1:00pm, Sun: Closed",
    "website": "",
    "isPremium": true,
    "reviewCount": 8,
    "rating": 4.5
  },
  {
    "name": "The Peggy Tub",
    "address": "26 Manor Rd, Rothwell, Leeds (Near Wakefield), LS26 0RD",
    "city": "Wakefield",
    "lat": 53.7660,
    "lng": -1.4420,
    "features": ["Launderette", "Coin-Op", "Local Service"],
    "openingHours": "Mon-Sun: 7:00am - 9:00pm",
    "website": "",
    "isPremium": false,
    "reviewCount": 5,
    "rating": 4.1
  },
  {
    "name": "Wash.ME (Jacobswell Road)",
    "address": "Jacobswell Rd, Wakefield, WF1 3NS",
    "city": "Wakefield",
    "lat": 53.6800,
    "lng": -1.4880,
    "features": ["24/7 Outdoor Machine", "Large Capacity", "Contactless Payment"],
    "openingHours": "24/7",
    "website": "https://stores.revolution-laundry.com/",
    "isPremium": false,
    "reviewCount": 10,
    "rating": 3.9
  },
  {
    "name": "Ossett Washing Well",
    "address": "Towngate, Ossett, Wakefield, WF5 9BL (Est)",
    "city": "Wakefield",
    "lat": 53.6800,
    "lng": -1.5580,
    "features": ["Coin-Op", "Service Wash", "Collection/Delivery"],
    "openingHours": "Mon-Fri: 8:30am - 5:30pm, Sat: 8:30am - 4:00pm, Sun: Closed",
    "website": "",
    "isPremium": false,
    "reviewCount": 7,
    "rating": 4.2
  },
  {
    "name": "Castleford Launderette",
    "address": "15 Albion St, Castleford, Wakefield, WF10 1LA (Est)",
    "city": "Wakefield",
    "lat": 53.7280,
    "lng": -1.3500,
    "features": ["Self-Service", "Attended", "Ironing"],
    "openingHours": "Mon-Sun: 8:00am - 8:00pm",
    "website": "",
    "isPremium": false,
    "reviewCount": 6,
    "rating": 4.0
  },
  {
    "name": "Pontefract Launderette",
    "address": "32 Mill Dam Ln, Pontefract, Wakefield, WF8 2NT (Est)",
    "city": "Wakefield",
    "lat": 53.6930,
    "lng": -1.3140,
    "features": ["Launderette", "Duvet Cleaning", "Service Wash"],
    "openingHours": "Mon-Sat: 8:30am - 5:00pm, Sun: Closed",
    "website": "",
    "isPremium": false,
    "reviewCount": 4,
    "rating": 4.5
  },
  {
    "name": "Featherstone Launderette",
    "address": "2 High St, Featherstone, Wakefield, WF7 5BP (Est)",
    "city": "Wakefield",
    "lat": 53.6850,
    "lng": -1.3100,
    "features": ["Self-Service", "Coin-Op", "Drying Facilities"],
    "openingHours": "Mon-Sun: 7:00am - 9:00pm",
    "website": "",
    "isPremium": false,
    "reviewCount": 5,
    "rating": 4.1
  },
  {
    "name": "Kettlethorpe Launderette",
    "address": "12 Hendal Ln, Kettlethorpe, Wakefield, WF2 7RE (Est)",
    "city": "Wakefield",
    "lat": 53.6550,
    "lng": -1.4980,
    "features": ["Launderette", "Attended (Partial)", "Local Focus"],
    "openingHours": "Mon-Fri: 9:00am - 5:00pm, Sat: 9:00am - 1:00pm, Sun: Closed",
    "website": "",
    "isPremium": false,
    "reviewCount": 3,
    "rating": 4.3
  },
  {
    "name": "Johnson Cleaners (Asda Wakefield)",
    "address": "Asda Supermarket, Asdale Rd, Wakefield, WF2 7EQ (Est)",
    "city": "Wakefield",
    "lat": 53.6700,
    "lng": -1.5000,
    "features": ["Dry Cleaning Drop-Off", "Repairs & Alterations", "Key Cutting"],
    "openingHours": "Mon-Sat: 8:00am - 8:00pm, Sun: 10:00am - 4:00pm",
    "website": "https://www.johnsoncleaners.com/",
    "isPremium": true,
    "reviewCount": 4,
    "rating": 4.4
  },
  {
    "name": "Portsmouth Laundry Company",
    "address": "40 London Rd, North End, Portsmouth, PO2 0LN",
    "city": "Portsmouth",
    "lat": 50.8030,
    "lng": -1.0960,
    "features": ["Service Wash", "Ironing", "Duvet Cleaning", "Commercial"],
    "openingHours": "Mon-Fri: 9:00am - 5:00pm, Sat: 9:00am - 4:00pm, Sun: Closed",
    "website": "http://portsmouth-laundry.com/",
    "isPremium": true,
    "reviewCount": 10,
    "rating": 4.5
  },
  {
    "name": "Southsea Laundry Company",
    "address": "169-171 Albert Rd, Southsea, Portsmouth, PO4 0JW",
    "city": "Portsmouth",
    "lat": 50.7870,
    "lng": -1.0770,
    "features": ["Dry Cleaning", "Service Wash", "Quick Turnaround", "Duvets"],
    "openingHours": "Mon-Fri: 8:00am - 6:00pm, Sat: 8:00am - 4:00pm, Sun: 10:00am - 2:00pm",
    "website": "",
    "isPremium": false,
    "reviewCount": 20,
    "rating": 4.2
  },
  {
    "name": "Copnor Launderette & Dry Cleaners",
    "address": "309 Copnor Rd, Portsmouth, PO3 5EG",
    "city": "Portsmouth",
    "lat": 50.8140,
    "lng": -1.0660,
    "features": ["Launderette", "Dry Cleaning", "Family Run (65+ Years)"],
    "openingHours": "Mon-Sat: 9:00am - 5:30pm, Sun: Closed",
    "website": "https://www.copnorcleaners.co.uk/",
    "isPremium": true,
    "reviewCount": 12,
    "rating": 4.7
  },
  {
    "name": "Laundrycare (Elm Grove)",
    "address": "121 Elm Grove, Southsea, Portsmouth, PO5 1LJ",
    "city": "Portsmouth",
    "lat": 50.7930,
    "lng": -1.0870,
    "features": ["Self-Service", "Service Wash", "Drying Facilities"],
    "openingHours": "Mon-Sun: 7:00am - 9:00pm",
    "website": "",
    "isPremium": false,
    "reviewCount": 8,
    "rating": 4.0
  },
  {
    "name": "Laundrycare (Albert Rd)",
    "address": "145 Albert Rd, Southsea, Portsmouth, PO4 0JW",
    "city": "Portsmouth",
    "lat": 50.7880,
    "lng": -1.0780,
    "features": ["Launderette", "Coin-Op", "Fast Machines"],
    "openingHours": "Mon-Sun: 7:00am - 9:00pm",
    "website": "",
    "isPremium": false,
    "reviewCount": 10,
    "rating": 4.1
  },
  {
    "name": "Portchester Launderette",
    "address": "12 West St, Portchester, Portsmouth, PO16 9UN (Est)",
    "city": "Portsmouth",
    "lat": 50.8350,
    "lng": -1.1070,
    "features": ["Open 7 Days", "Service Wash", "Duvet Cleaning", "Horse Rugs"],
    "openingHours": "Mon-Sun: 8:00am - 6:00pm",
    "website": "",
    "isPremium": false,
    "reviewCount": 4,
    "rating": 4.8
  },
  {
    "name": "Washeteria & Rainbow Cleaners",
    "address": "297 London Rd, Portsmouth, PO2 9HF",
    "city": "Portsmouth",
    "lat": 50.8170,
    "lng": -1.0960,
    "features": ["Launderette", "Dry Cleaning", "Repairs/Alterations"],
    "openingHours": "Mon-Sat: 8:30am - 5:00pm, Sun: Closed",
    "website": "",
    "isPremium": false,
    "reviewCount": 5,
    "rating": 3.5
  },
  {
    "name": "Whitworth Road Launderette",
    "address": "29 Whitworth Rd, Gosport, Portsmouth, PO12 3NJ (Est)",
    "city": "Portsmouth",
    "lat": 50.7930,
    "lng": -1.1350,
    "features": ["Self-Service", "Service Wash", "Established (50+ Years)"],
    "openingHours": "Mon-Sat: 8:00am - 6:00pm, Sun: Closed",
    "website": "",
    "isPremium": false,
    "reviewCount": 3,
    "rating": 4.5
  },
  {
    "name": "Havant & Emsworth Laundrette",
    "address": "34 Market Parade, Havant, Portsmouth, PO9 1QF (Est)",
    "city": "Portsmouth",
    "lat": 50.8490,
    "lng": -0.9910,
    "features": ["Launderette", "Service Wash", "Duvet Cleaning"],
    "openingHours": "Mon-Sun: 8:00am - 8:00pm",
    "website": "",
    "isPremium": false,
    "reviewCount": 7,
    "rating": 4.4
  },
  {
    "name": "Wash.ME (Tesco Northarbour)",
    "address": "Copes Rd, Northarbour, Portsmouth, PO6 3TS (Est)",
    "city": "Portsmouth",
    "lat": 50.8480,
    "lng": -1.0870,
    "features": ["24/7 Outdoor Machine", "Large Capacity", "Contactless Payment"],
    "openingHours": "24/7",
    "website": "https://stores.revolution-laundry.com/",
    "isPremium": false,
    "reviewCount": 10,
    "rating": 3.8
  },
  {
    "name": "Speedy Washes (Baker Street)",
    "address": "34 Baker Street, Aberdeen, AB25 2DR (Est)",
    "city": "Aberdeen",
    "lat": 57.1550,
    "lng": -2.1080,
    "features": ["Self-Service", "Pick-up/Drop-off (5-mile)", "Long Hours"],
    "openingHours": "Mon-Wed: 8:00am - 8:00pm, Thu-Sun: 8:00am - 10:00pm",
    "website": "https://www.speedywashes.co.uk/",
    "isPremium": false,
    "reviewCount": 18,
    "rating": 4.6
  },
  {
    "name": "Neon Laundry",
    "address": "239 George Street, Aberdeen, AB25 1ED",
    "city": "Aberdeen",
    "lat": 57.1530,
    "lng": -2.1050,
    "features": ["Self-Service", "Wash & Fold Service", "Pickup/Delivery", "Commercial"],
    "openingHours": "Mon-Sat: 8:30am - 5:30pm, Sun: 10:00am - 2:00pm",
    "website": "https://www.neonlaundry.co.uk/",
    "isPremium": true,
    "reviewCount": 10,
    "rating": 4.4
  },
  {
    "name": "Caledonia Laundry",
    "address": "19 Northfield Place, Aberdeen, AB25 1SA",
    "city": "Aberdeen",
    "lat": 57.1650,
    "lng": -2.1100,
    "features": ["Self-Service (Coin-Op)", "Service Wash", "Duvet Cleaning", "Attended (Partial)"],
    "openingHours": "Self-Service: 5:00pm - 10:00pm (Mon-Fri) & 8:00am - 10:00pm (Sat-Sun), Service: 8:00am - 5:00pm (Mon-Fri), Sat-Sun: Closed",
    "website": "https://caledonialaundry.co.uk/",
    "isPremium": false,
    "reviewCount": 12,
    "rating": 4.3
  },
  {
    "name": "Silver City Laundry (Commercial)",
    "address": "Mugiemoss Rd, Bucksburn, Aberdeen, AB21 9NY (Est)",
    "city": "Aberdeen",
    "lat": 57.1850,
    "lng": -2.1640,
    "features": ["Commercial Focus", "Workwear Cleaning", "Linen Rental"],
    "openingHours": "Mon-Fri: 7:00am - 4:00pm, Sat: 7:00am - 12:00pm, Sun: Closed",
    "website": "https://silvercitylaundry.co.uk/",
    "isPremium": true,
    "reviewCount": 5,
    "rating": 4.8
  },
  {
    "name": "Garthdee Launderette",
    "address": "8 Kaimhill Road, Aberdeen, AB10 7JJ (Est)",
    "city": "Aberdeen",
    "lat": 57.1320,
    "lng": -2.1400,
    "features": ["Self-Service", "Service Wash", "Student Area"],
    "openingHours": "Mon-Sun: 7:30am - 8:30pm",
    "website": "",
    "isPremium": false,
    "reviewCount": 8,
    "rating": 4.0
  },
  {
    "name": "Hazlehead Launderette",
    "address": "10 Queens Road, Aberdeen, AB15 4YB (Est)",
    "city": "Aberdeen",
    "lat": 57.1400,
    "lng": -2.1400,
    "features": ["Launderette", "Coin-Op", "Local Service"],
    "openingHours": "Mon-Sat: 8:00am - 6:00pm, Sun: Closed",
    "website": "",
    "isPremium": false,
    "reviewCount": 6,
    "rating": 4.1
  },
  {
    "name": "Mannofield Dry Cleaners",
    "address": "5 Great Western Rd, Aberdeen, AB10 6PS (Est)",
    "city": "Aberdeen",
    "lat": 57.1350,
    "lng": -2.1150,
    "features": ["Dry Cleaning", "Ironing", "Repairs"],
    "openingHours": "Mon-Fri: 8:30am - 5:30pm, Sat: 9:00am - 4:00pm, Sun: Closed",
    "website": "",
    "isPremium": true,
    "reviewCount": 4,
    "rating": 4.5
  },
  {
    "name": "Beach Boulevard Launderette",
    "address": "10 Beach Blvd, Aberdeen, AB24 5EE (Est)",
    "city": "Aberdeen",
    "lat": 57.1550,
    "lng": -2.0900,
    "features": ["Self-Service", "Long Hours", "Near Beach"],
    "openingHours": "Mon-Sun: 7:00am - 10:00pm",
    "website": "",
    "isPremium": false,
    "reviewCount": 9,
    "rating": 4.2
  },
  {
    "name": "Bieldside Launderette",
    "address": "4 Bieldside Terr, Bieldside, Aberdeen, AB15 9BA (Est)",
    "city": "Aberdeen",
    "lat": 57.1200,
    "lng": -2.2580,
    "features": ["Launderette", "Service Wash", "Out of Town"],
    "openingHours": "Mon-Sat: 9:00am - 5:00pm, Sun: Closed",
    "website": "",
    "isPremium": false,
    "reviewCount": 3,
    "rating": 4.3
  },
  {
    "name": "Dons Laundry Express (Dyce)",
    "address": "1 Victoria St, Dyce, Aberdeen, AB21 7DS (Est)",
    "city": "Aberdeen",
    "lat": 57.2100,
    "lng": -2.1790,
    "features": ["Commercial Focus", "Hotel Laundry", "Fast Service"],
    "openingHours": "Mon-Fri: 8:00am - 5:00pm, Sat-Sun: Closed",
    "website": "",
    "isPremium": true,
    "reviewCount": 2,
    "rating": 4.7
  }
]
