[
  {
    "name": "Spin Clean Launderette",
    "address": "81 Great Whip St, Ipswich, IP2 8EZ",
    "city": "Ipswich",
    "lat": 52.0460,
    "lng": 1.1500,
    "features": ["Self-Service", "Service Wash", "Duvet/Blanket Specialists", "Ironing Service"],
    "openingHours": "Mon-Fri: 8:00am - 6:00pm, Sat: 8:00am - 5:00pm, Sun: Closed",
    "website": "https://www.yell.com/biz/spin-clean-launderette-ipswich-10179979/",
    "isPremium": true,
    "reviewCount": 12,
    "rating": 4.8
  },
  {
    "name": "Springclean Launderette",
    "address": "149-151 Spring Rd, Ipswich, IP4 5NH",
    "city": "Ipswich",
    "lat": 52.0620,
    "lng": 1.1820,
    "features": ["Self-Service", "Last Wash 7:00pm", "Clean Environment", "Friendly Staff"],
    "openingHours": "Mon-Sun: 7:00am - 8:30pm",
    "website": "https://sispike.wixsite.com/springclean",
    "isPremium": false,
    "reviewCount": 15,
    "rating": 4.4
  },
  {
    "name": "Fircroft Laundry & Dry Cleaners",
    "address": "153 Fircroft Rd, Ipswich, IP1 6PT",
    "city": "Ipswich",
    "lat": 52.0650,
    "lng": 1.1250,
    "features": ["On-Site Dry Cleaning", "Wedding Dress Cleaning", "Repairs/Alterations", "Collection/Delivery"],
    "openingHours": "Mon-Fri: 9:00am - 5:00pm, Sat: 9:00am - 1:00pm, Sun: Closed",
    "website": "http://www.fircroft-laundry.co.uk/",
    "isPremium": true,
    "reviewCount": 7,
    "rating": 4.6
  },
  {
    "name": "Magic Touch Dry Cleaners (Ipswich)",
    "address": "21 Norwich Rd, Ipswich, IP1 2ET",
    "city": "Ipswich",
    "lat": 52.0590,
    "lng": 1.1440,
    "features": ["Dry Cleaning", "Hand Finish Ironing", "While You Wait Alterations", "Same Day Service"],
    "openingHours": "Mon-Fri: 8:30am - 6:00pm, Sat: 9:00am - 5:00pm, Sun: Closed",
    "website": "",
    "isPremium": true,
    "reviewCount": 12,
    "rating": 4.4
  },
  {
    "name": "Express Laundry, Alterations & Dry Cleaners",
    "address": "21 Compair Crescent, Ipswich, IP2 0EH",
    "city": "Ipswich",
    "lat": 52.0400,
    "lng": 1.1350,
    "features": ["Service Wash/Dry/Iron", "Duvets", "Alterations & Repairs"],
    "openingHours": "Mon-Fri: 8:00am - 7:30pm, Sat: 9:00am - 5:00pm, Sun: Closed",
    "website": "https://www.yell.com/biz/express-laundry-alterations-and-dry-cleaners-ipswich-10444310/",
    "isPremium": false,
    "reviewCount": 8,
    "rating": 4.1
  },
  {
    "name": "Launderclean",
    "address": "472 Woodbridge Rd, Ipswich, IP4 4QA",
    "city": "Ipswich",
    "lat": 52.0620,
    "lng": 1.1700,
    "features": ["Launderette", "Dry Cleaning Agent", "Local Service"],
    "openingHours": "Mon-Fri: 9:00am - 5:00pm, Sat: 9:00am - 1:00pm, Sun: Closed",
    "website": "",
    "isPremium": false,
    "reviewCount": 5,
    "rating": 4.0
  },
  {
    "name": "The Laundry Stop (Woodbridge)",
    "address": "Unit 3 Deben Way, Wilford Bridge Rd, Woodbridge, IP12 1RS",
    "city": "Ipswich",
    "lat": 52.0950,
    "lng": 1.3090,
    "features": ["Service Washes", "Ironing", "Free Parking", "Commercial & Domestic"],
    "openingHours": "Mon-Fri: 9:00am - 5:00pm, Sat: 9:00am - 1:00pm, Sun: Closed",
    "website": "http://www.thelaundrystop.co.uk/",
    "isPremium": true,
    "reviewCount": 10,
    "rating": 4.5
  },
  {
    "name": "Laundry Shop (Waitrose Agent)",
    "address": "Waitrose, Futura Park Crane Boulevard, Ipswich, IP3 9SQ (Johnsons Cleaners Agent)",
    "city": "Ipswich",
    "lat": 52.0430,
    "lng": 1.1890,
    "features": ["Dry Cleaning Drop-Off", "Repairs/Alterations", "In-Store Agent"],
    "openingHours": "Mon-Sat: 7:30am - 7:00pm, Sun: 10:00am - 4:00pm",
    "website": "https://www.johnsoncleaners.com/",
    "isPremium": true,
    "reviewCount": 5,
    "rating": 4.1
  },
  {
    "name": "Undercliff Laundry Services",
    "address": "12 Undercliff Rd West, Felixstowe, IP11 2AW",
    "city": "Ipswich",
    "lat": 51.9630,
    "lng": 1.3480,
    "features": ["Commercial & Domestic", "Large Capacity", "Professional Service"],
    "openingHours": "Mon-Fri: 9:00am - 5:30pm, Sat: 9:00am - 1:00pm, Sun: Closed",
    "website": "https://www.yell.com/biz/undercliff-launderette-felixstowe-9976779/",
    "isPremium": false,
    "reviewCount": 2,
    "rating": 5.0
  },
  {
    "name": "Love2Laundry Ipswich (Collection/Delivery)",
    "address": "Servicing IP postcodes (Virtual Listing)",
    "city": "Ipswich",
    "lat": 52.0550,
    "lng": 1.1550,
    "features": ["Collection/Delivery", "24hr Turnaround", "App Service", "Dry Cleaning"],
    "openingHours": "24/7 Booking",
    "website": "https://www.love2laundry.com/",
    "isPremium": true,
    "reviewCount": 15,
    "rating": 4.6
  },
  {
    "name": "Spinclean Launderette & Car Wash",
    "address": "2 The Willows, Colchester, CO2 8PY",
    "city": "Colchester",
    "lat": 51.8760,
    "lng": 0.8980,
    "features": ["Self-Service", "Extended Hours", "Car Wash On-Site"],
    "openingHours": "Mon-Fri: 6:30am - 8:00pm, Sat-Sun: 6:30am - 6:00pm",
    "website": "https://spinclean.wheree.com/",
    "isPremium": false,
    "reviewCount": 10,
    "rating": 4.1
  },
  {
    "name": "K's Kleaners",
    "address": "Hythe Quay, Colchester, CO2 8JB",
    "city": "Colchester",
    "lat": 51.8810,
    "lng": 0.9200,
    "features": ["Eco-Friendly Wet Cleaning", "Dry Cleaning", "Free Local Delivery", "Duvet Offer"],
    "openingHours": "Mon-Fri: 8:30am - 5:30pm, Sat: 9:00am - 1:00pm, Sun: Closed",
    "website": "https://www.yell.com/biz/k-s-kleaners-colchester-9134372/",
    "isPremium": true,
    "reviewCount": 7,
    "rating": 4.4
  },
  {
    "name": "Timpson Dry Cleaning (Sainsbury's Stanway)",
    "address": "1 Western Approach, Stanway, Colchester, CO3 8AA",
    "city": "Colchester",
    "lat": 51.8840,
    "lng": 0.8490,
    "features": ["Dry Cleaning Drop-Off", "In-Store Agent", "Repairs/Alterations"],
    "openingHours": "Mon-Sat: 9:00am - 6:00pm, Sun: 10:00am - 4:00pm",
    "website": "https://www.timpson.co.uk/",
    "isPremium": true,
    "reviewCount": 5,
    "rating": 4.5
  },
  {
    "name": "Love2Laundry Colchester (Collection/Delivery)",
    "address": "Servicing CO postcodes (Virtual Listing)",
    "city": "Colchester",
    "lat": 51.8890,
    "lng": 0.9080,
    "features": ["Collection/Delivery", "24hr Turnaround", "App Service", "Dry Cleaning"],
    "openingHours": "24/7 Booking",
    "website": "https://www.love2laundry.com/",
    "isPremium": true,
    "reviewCount": 10,
    "rating": 4.6
  },
  {
    "name": "Danes of Colchester Ltd (Head Office)",
    "address": "10-13 Smeaton Close, Severalls Park, Colchester, CO4 9QY",
    "city": "Colchester",
    "lat": 51.9160,
    "lng": 0.9000,
    "features": ["Commercial Laundry", "Linen Hire", "Industrial Service", "Dry Cleaning Agent"],
    "openingHours": "Mon-Fri: 8:00am - 5:00pm, Sat-Sun: Closed",
    "website": "https://danes-laundry.co.uk/",
    "isPremium": true,
    "reviewCount": 4,
    "rating": 4.0
  },
  {
    "name": "Prime Laundry Colchester",
    "address": "Servicing Colchester Area (Virtual Listing)",
    "city": "Colchester",
    "lat": 51.8900,
    "lng": 0.8900,
    "features": ["Collection/Delivery", "Wash/Dry/Fold", "Alterations", "Shoe Repair"],
    "openingHours": "24/7 Booking",
    "website": "https://primelaundry.co.uk/",
    "isPremium": true,
    "reviewCount": 6,
    "rating": 4.5
  },
  {
    "name": "North Station Road Launderette",
    "address": "81a North Station Rd, Colchester, CO1 1SB",
    "city": "Colchester",
    "lat": 51.8920,
    "lng": 0.8970,
    "features": ["Self-Service", "Launderette", "Ironing/Laundry Service"],
    "openingHours": "Mon-Sun: 7:00am - 9:00pm",
    "website": "",
    "isPremium": false,
    "reviewCount": 8,
    "rating": 3.9
  },
  {
    "name": "Crouch Street Dry Cleaners & Launderette",
    "address": "93 Crouch Street, Colchester, CO3 3EZ",
    "city": "Colchester",
    "lat": 51.8840,
    "lng": 0.8970,
    "features": ["Dry Cleaning", "Launderette", "Repairs/Alterations"],
    "openingHours": "Mon-Fri: 8:30am - 5:30pm, Sat: 9:00am - 1:00pm, Sun: Closed",
    "website": "https://danes-laundry.co.uk/",
    "isPremium": true,
    "reviewCount": 10,
    "rating": 4.3
  },
  {
    "name": "Wivenhoe Launderette",
    "address": "2 High St, Wivenhoe, Colchester, CO7 9AB (Est)",
    "city": "Colchester",
    "lat": 51.8500,
    "lng": 0.9410,
    "features": ["Self-Service", "Service Wash", "Small Town Focus"],
    "openingHours": "Mon-Sun: 7:00am - 8:00pm",
    "website": "",
    "isPremium": false,
    "reviewCount": 4,
    "rating": 4.0
  },
  {
    "name": "Manningtree Launderette",
    "address": "15 High St, Manningtree, CO11 1AG (Est)",
    "city": "Colchester",
    "lat": 51.9330,
    "lng": 1.0500,
    "features": ["Launderette", "Coin-Op", "Duvet Cleaning"],
    "openingHours": "Mon-Sun: 7:30am - 8:30pm",
    "website": "",
    "isPremium": false,
    "reviewCount": 3,
    "rating": 3.8
  },
  {
    "name": "Michael's Dry Cleaners & Launderette",
    "address": "144 Gloucester Avenue, Chelmsford, CM2 9LG",
    "city": "Chelmsford",
    "lat": 51.7250,
    "lng": 0.4700,
    "features": ["Dry Cleaning (2hr Service)", "Self-Service", "Ironing", "Wedding Dress Cleaning"],
    "openingHours": "Mon-Sat: 8:30am - 5:30pm, Sun: Closed",
    "website": "https://michaelsdrycleaners-and-launderette.co.uk/",
    "isPremium": true,
    "reviewCount": 20,
    "rating": 4.7
  },
  {
    "name": "Love2Laundry Chelmsford (Collection/Delivery)",
    "address": "Servicing CM postcodes (Virtual Listing)",
    "city": "Chelmsford",
    "lat": 51.7340,
    "lng": 0.4780,
    "features": ["Collection/Delivery", "24hr Turnaround", "App Service", "Dry Cleaning"],
    "openingHours": "24/7 Booking",
    "website": "https://www.love2laundry.com/",
    "isPremium": true,
    "reviewCount": 15,
    "rating": 4.6
  },
  {
    "name": "The Launderette (South Woodham Ferrers)",
    "address": "36 Baron Rd, South Woodham Ferrers, Chelmsford, CM3 5XQ",
    "city": "Chelmsford",
    "lat": 51.6250,
    "lng": 0.6050,
    "features": ["Self-Service", "Long Hours", "Coin-Op", "Attended (Partial)"],
    "openingHours": "Mon-Fri: 9:00am - 8:00pm, Sat: 8:00am - 8:00pm, Sun: 9:30am - 8:00pm",
    "website": "https://www.yell.com/biz/the-launderette-chelmsford-4153867/",
    "isPremium": false,
    "reviewCount": 10,
    "rating": 4.1
  },
  {
    "name": "Easyiron (Chelmsford)",
    "address": "2 Eckersley Rd Ind Est, Chelmsford, CM1 1SL",
    "city": "Chelmsford",
    "lat": 51.7370,
    "lng": 0.4850,
    "features": ["Commercial Focus", "Ironing Service", "Laundry", "20+ Years Experience"],
    "openingHours": "Mon-Fri: 8:00am - 5:00pm, Sat-Sun: Closed",
    "website": "https://www.yell.com/biz/easyiron-chelmsford-10023423/",
    "isPremium": true,
    "reviewCount": 4,
    "rating": 5.0
  },
  {
    "name": "Riverside Launderette (Hockley)",
    "address": "238 Ferry Rd, Hockley, SS5 6ND",
    "city": "Chelmsford",
    "lat": 51.5800,
    "lng": 0.6000,
    "features": ["Dry Cleaner Agents", "Duvets", "Service Washes", "25+ Years Experience"],
    "openingHours": "Mon-Sat: 8:30am - 3:00pm, Sun: Closed",
    "website": "https://riversidelaunderette.co.uk/",
    "isPremium": true,
    "reviewCount": 5,
    "rating": 4.5
  },
  {
    "name": "Washeteria (Shenfield)",
    "address": "25 Hutton Rd, Brentwood, CM15 8JU",
    "city": "Chelmsford",
    "lat": 51.6150,
    "lng": 0.3150,
    "features": ["Launderette", "Self-Service", "Dry Cleaning Agent"],
    "openingHours": "Mon-Sun: 7:00am - 7:00pm",
    "website": "https://www.yell.com/biz/washeteria-shenfield-10332274/",
    "isPremium": false,
    "reviewCount": 10,
    "rating": 3.8
  },
  {
    "name": "Liberty Professional Dry Cleaners",
    "address": "28 Robjohns Rd, Chelmsford, CM1 3AF",
    "city": "Chelmsford",
    "lat": 51.7450,
    "lng": 0.4500,
    "features": ["Dry Cleaning", "Commercial Linen", "Service Wash"],
    "openingHours": "Mon-Fri: 8:00am - 4:00pm, Sat-Sun: Closed",
    "website": "",
    "isPremium": true,
    "reviewCount": 3,
    "rating": 4.2
  },
  {
    "name": "Copnor Cleaners (Braintree Agent)",
    "address": "15 High St, Braintree, CM7 1AU (Agent Est)",
    "city": "Chelmsford",
    "lat": 51.8780,
    "lng": 0.5520,
    "features": ["Dry Cleaning Drop-Off", "Launderette", "Agent Service"],
    "openingHours": "Mon-Sat: 9:00am - 5:00pm, Sun: Closed",
    "website": "https://www.copnorcleaners.co.uk/",
    "isPremium": false,
    "reviewCount": 2,
    "rating": 4.0
  },
  {
    "name": "Wickford Dry Cleaners & Launderette",
    "address": "15 Ladygate Centre High St, Wickford, SS12 9AJ (Est)",
    "city": "Chelmsford",
    "lat": 51.6310,
    "lng": 0.5190,
    "features": ["Dry Cleaning", "Service Wash", "Town Centre"],
    "openingHours": "Mon-Sat: 9:00am - 3:00pm, Sun: Closed",
    "website": "",
    "isPremium": false,
    "reviewCount": 5,
    "rating": 4.1
  },
  {
    "name": "Basildon Launderette",
    "address": "432 Whitmore Way, Basildon, SS14 2HB (Est)",
    "city": "Chelmsford",
    "lat": 51.5830,
    "lng": 0.4600,
    "features": ["Dry Cleaning", "Launderette", "Friendly Staff"],
    "openingHours": "Mon-Sat: 9:00am - 5:00pm, Sun: Closed",
    "website": "",
    "isPremium": false,
    "reviewCount": 8,
    "rating": 4.3
  }
]
