[
  {
    "name": "Love2Laundry Greenwich (Collection/Delivery)",
    "address": "Servicing SE10 postcodes (Virtual Listing)",
    "city": "Greenwich",
    "lat": 51.4800,
    "lng": 0.0050,
    "features": ["Collection/Delivery", "24hr Turnaround", "App Service", "Dry Cleaning"],
    "openingHours": "24/7 Booking",
    "website": "https://www.love2laundry.com/",
    "isPremium": true,
    "reviewCount": 40,
    "rating": 4.6
  },
  {
    "name": "Vina Launderette & Dry Cleaners",
    "address": "92 Royal Hill, London, SE10 8RT",
    "city": "Greenwich",
    "lat": 51.4780,
    "lng": 0.0010,
    "features": ["Launderette", "Dry Cleaning", "Alterations", "Central Location"],
    "openingHours": "Mon-Sat: 8:00am - 7:00pm, Sun: 10:00am - 6:00pm",
    "website": "https://www.yell.com/biz/vina-launderette-and-dry-cleaners-london-9334557/",
    "isPremium": false,
    "reviewCount": 15,
    "rating": 4.7
  },
  {
    "name": "ihateironing Greenwich (Collection/Delivery)",
    "address": "Servicing SE10 postcodes (Virtual Listing)",
    "city": "Greenwich",
    "lat": 51.4820,
    "lng": 0.0080,
    "features": ["Collection/Delivery", "24hr Dry Cleaning", "Shoe Repairs", "Bed Linen"],
    "openingHours": "Mon-Sun: Flexible Collection",
    "website": "https://www.ihateironing.com/",
    "isPremium": true,
    "reviewCount": 35,
    "rating": 4.8
  },
  {
    "name": "Greenwich Dry Cleaners (Woolwich Rd)",
    "address": "25 Woolwich Rd, London, SE10 0RA",
    "city": "Greenwich",
    "lat": 51.4850,
    "lng": 0.0250,
    "features": ["Dry Cleaning", "Laundry", "Alterations"],
    "openingHours": "Mon-Fri: 8:00am - 7:00pm, Sat: 9:00am - 6:00pm, Sun: Closed",
    "website": "https://www.yell.com/biz/greenwich-dry-cleaners-london-9334557/",
    "isPremium": false,
    "reviewCount": 5,
    "rating": 4.0
  },
  {
    "name": "The Village Dry Cleaners (Blackheath)",
    "address": "135 Lee Road, London, SE3 9DS",
    "city": "Greenwich",
    "lat": 51.4640,
    "lng": 0.0150,
    "features": ["Dry Cleaning", "Tailoring", "Service Wash Agent", "Collection"],
    "openingHours": "Mon-Sat: 8:30am - 6:00pm, Sun: Closed",
    "website": "https://www.yell.com/biz/the-village-dry-cleaners-london-9334557/",
    "isPremium": false,
    "reviewCount": 2,
    "rating": 5.0
  },
  {
    "name": "Docklands Laundry Services",
    "address": "149 Manchester Rd, London, E14 3DN",
    "city": "Greenwich",
    "lat": 51.4940,
    "lng": 0.0070,
    "features": ["Launderette", "Self-Service", "Duvet Cleaning"],
    "openingHours": "Mon-Sun: 7:00am - 10:00pm",
    "website": "https://www.yell.com/biz/docklands-laundry-services-london-9334557/",
    "isPremium": false,
    "reviewCount": 1,
    "rating": 3.0
  },
  {
    "name": "T&T Dry Cleaners (Woolwich)",
    "address": "9 Anglesea Rd, London, SE18 6EG",
    "city": "Woolwich",
    "lat": 51.4930,
    "lng": 0.0650,
    "features": ["Dry Cleaning", "Launderette", "Repairs/Alterations", "Service Wash"],
    "openingHours": "Mon-Sat: 7:30am - 7:00pm, Sun: 11:00am - 7:00pm",
    "website": "https://www.ttdrycleaners.co.uk/",
    "isPremium": true,
    "reviewCount": 5,
    "rating": 4.1
  },
  {
    "name": "Love2Laundry Woolwich (Collection/Delivery)",
    "address": "Servicing SE18 postcodes (Virtual Listing)",
    "city": "Woolwich",
    "lat": 51.4880,
    "lng": 0.0680,
    "features": ["Collection/Delivery", "24hr Turnaround", "App Service", "Dry Cleaning"],
    "openingHours": "24/7 Booking",
    "website": "https://www.love2laundry.com/",
    "isPremium": true,
    "reviewCount": 40,
    "rating": 4.6
  },
  {
    "name": "Woolwich Express Dry Cleaners",
    "address": "59 Woolwich New Rd, London, SE18 6ED",
    "city": "Woolwich",
    "lat": 51.4870,
    "lng": 0.0700,
    "features": ["Dry Cleaning", "Clothing Alterations", "Established Business"],
    "openingHours": "Mon-Sat: 8:30am - 6:30pm, Sun: Closed",
    "website": "https://www.yell.com/biz/woolwich-express-dry-cleaners-london-9334557/",
    "isPremium": false,
    "reviewCount": 3,
    "rating": 2.3
  },
  {
    "name": "T&T Launderette (Woolwich)",
    "address": "148 Plumstead Common Rd, London, SE18 2UL (Est)",
    "city": "Woolwich",
    "lat": 51.4810,
    "lng": 0.0880,
    "features": ["Launderette", "Self-Service", "Attended (Partial)"],
    "openingHours": "Mon-Fri: 9:00am - 7:00pm, Sat-Sun: Closed",
    "website": "https://www.yell.com/biz/t-and-t-launderette-london-9334557/",
    "isPremium": false,
    "reviewCount": 3,
    "rating": 5.0
  },
  {
    "name": "Greenwich Dry Cleaners (Woolwich Rd)",
    "address": "25 Woolwich Rd, London, SE10 0RA",
    "city": "Woolwich",
    "lat": 51.4850,
    "lng": 0.0250,
    "features": ["Dry Cleaning", "Laundry", "Alterations"],
    "openingHours": "Mon-Fri: 8:00am - 7:00pm, Sat: 9:00am - 6:00pm, Sun: Closed",
    "website": "https://www.yell.com/biz/greenwich-dry-cleaners-london-9334557/",
    "isPremium": false,
    "reviewCount": 5,
    "rating": 4.0
  },
  {
    "name": "Eltham Laundrette & Ironing Services",
    "address": "277 High St, Eltham, London, SE9 1TY",
    "city": "Woolwich",
    "lat": 51.4500,
    "lng": 0.0380,
    "features": ["Launderette", "Ironing Service", "Duvet Cleaning"],
    "openingHours": "Mon-Sat: 9:00am - 6:00pm, Sun: Closed",
    "website": "https://www.yell.com/biz/eltham-launderette-ironing-services-london-9334557/",
    "isPremium": false,
    "reviewCount": 2,
    "rating": 5.0
  },
  {
    "name": "ihateironing Woolwich (Collection/Delivery)",
    "address": "Servicing SE18 postcodes (Virtual Listing)",
    "city": "Woolwich",
    "lat": 51.4900,
    "lng": 0.0700,
    "features": ["Collection/Delivery", "24hr Turnaround", "Repairs", "Eco-Friendly"],
    "openingHours": "Mon-Sun: Flexible Collection",
    "website": "https://www.ihateironing.com/",
    "isPremium": true,
    "reviewCount": 25,
    "rating": 4.5
  },
  {
    "name": "Washx Launderette and Dry Cleaners",
    "address": "72 Keppel Rd, London, E6 2BE (Est)",
    "city": "Woolwich",
    "lat": 51.5200,
    "lng": 0.0400,
    "features": ["Fully Staffed", "Self-Service", "Same Day Service"],
    "openingHours": "Mon-Fri: 8:00am - 6:00pm, Sat: 8:00am - 5:00pm, Sun: Closed",
    "website": "https://www.yell.com/biz/washx-launderette-and-dry-cleaners-london-9334557/",
    "isPremium": false,
    "reviewCount": 1,
    "rating": 4.0
  },
  {
    "name": "Plumstead Launderette",
    "address": "150 Plumstead High St, London, SE18 2UL (Est)",
    "city": "Woolwich",
    "lat": 51.4830,
    "lng": 0.0890,
    "features": ["Self-Service", "Service Wash"],
    "openingHours": "Mon-Sun: 7:00am - 9:00pm",
    "website": "",
    "isPremium": false,
    "reviewCount": 2,
    "rating": 3.8
  },
  {
    "name": "Love2Laundry Catford (Collection/Delivery)",
    "address": "Servicing SE6 postcodes (Virtual Listing)",
    "city": "Catford",
    "lat": 51.4430,
    "lng": -0.0150,
    "features": ["Collection/Delivery", "24hr Turnaround", "App Service", "Dry Cleaning"],
    "openingHours": "24/7 Booking",
    "website": "https://www.love2laundry.com/",
    "isPremium": true,
    "reviewCount": 50,
    "rating": 4.6
  },
  {
    "name": "ihateironing Catford (Collection/Delivery)",
    "address": "Servicing SE6 postcodes (Virtual Listing)",
    "city": "Catford",
    "lat": 51.4450,
    "lng": -0.0100,
    "features": ["Collection/Delivery", "24hr Dry Cleaning", "Same Day Service (pre-12pm)"],
    "openingHours": "Mon-Sun: Flexible Collection",
    "website": "https://www.ihateironing.com/",
    "isPremium": true,
    "reviewCount": 20,
    "rating": 4.7
  },
  {
    "name": "Catford Dry Cleaners (Rushey Green)",
    "address": "24 Rushey Grn, London, SE6 4JF",
    "city": "Catford",
    "lat": 51.4450,
    "lng": 0.0120,
    "features": ["Dry Cleaning", "Laundry Service Agent"],
    "openingHours": "Mon-Sat: 9:00am - 6:00pm, Sun: Closed (Hours are often cited as closed, implying virtual/drop-off service)",
    "website": "https://hamletlaundry.com/directory/dry-cleaners/catford-dry-cleaners",
    "isPremium": false,
    "reviewCount": 10,
    "rating": 3.5
  },
  {
    "name": "Quality Dry Cleaners (Rushey Green)",
    "address": "77 Rushey Green, London, SE6 4AF",
    "city": "Catford",
    "lat": 51.4460,
    "lng": 0.0070,
    "features": ["Dry Cleaning", "Tailoring", "Service Wash Agent"],
    "openingHours": "Mon-Sat: 8:30am - 6:30pm, Sun: Closed",
    "website": "https://www.yell.com/biz/quality-dry-cleaners-london-9334557/",
    "isPremium": false,
    "reviewCount": 2,
    "rating": 4.0
  },
  {
    "name": "New Cross Launderette",
    "address": "369 New Cross Rd, London, SE14 6AT",
    "city": "Catford",
    "lat": 51.4770,
    "lng": -0.0350,
    "features": ["Launderette", "Self-Service", "New Management"],
    "openingHours": "Mon-Sun: 7:00am - 9:00pm",
    "website": "https://www.yell.com/biz/new-cross-launderette-london-9334557/",
    "isPremium": false,
    "reviewCount": 1,
    "rating": 5.0
  },
  {
    "name": "The Launderette (Lee High Rd)",
    "address": "270 Lee High Rd, London, SE13 5PJ",
    "city": "Catford",
    "lat": 51.4650,
    "lng": 0.0110,
    "features": ["Launderette", "Self-Service", "Long Hours"],
    "openingHours": "Mon-Sun: 7:00am - 10:00pm",
    "website": "https://www.yell.com/biz/the-launderette-london-9334557/",
    "isPremium": false,
    "reviewCount": 5,
    "rating": 3.4
  },
  {
    "name": "Sydenham Laundrette",
    "address": "317 Sydenham Rd, London, SE26 5EW (Est)",
    "city": "Catford",
    "lat": 51.4250,
    "lng": 0.0500,
    "features": ["Launderette", "Coin-Op", "Self-Service"],
    "openingHours": "Mon-Sun: 7:00am - 9:00pm",
    "website": "",
    "isPremium": false,
    "reviewCount": 1,
    "rating": 3.0
  },
  {
    "name": "Hither Green Dry Cleaners",
    "address": "186 Hither Green Lane, London, SE13 6QB",
    "city": "Catford",
    "lat": 51.4580,
    "lng": 0.0100,
    "features": ["Dry Cleaning", "Laundry", "Alterations"],
    "openingHours": "Mon-Sat: 8:00am - 6:00pm, Sun: Closed",
    "website": "https://www.yell.com/biz/hither-green-dry-cleaners-london-9334557/",
    "isPremium": false,
    "reviewCount": 3,
    "rating": 2.3
  },
  {
    "name": "Tumblewash (London Rd, Mitcham)",
    "address": "1108 London Road, London, SW16 4DT",
    "city": "Catford",
    "lat": 51.4220,
    "lng": -0.1380,
    "features": ["Launderette", "Self-Service", "40+ Years Experience"],
    "openingHours": "Mon-Sun: 7:00am - 10:00pm",
    "website": "https://www.yell.com/biz/tumblewash-london-9334557/",
    "isPremium": false,
    "reviewCount": 2,
    "rating": 4.0
  },
  {
    "name": "Westmount Laundrette",
    "address": "150a Westmount Rd, London, SE9 1XA",
    "city": "Catford",
    "lat": 51.4420,
    "lng": 0.0400,
    "features": ["Launderette", "Attended", "Service Wash", "Duvet Cleaning"],
    "openingHours": "Mon-Fri: 7:00am - 7:00pm, Sat: 7:00am - 6:00pm, Sun: Closed",
    "website": "https://www.yell.com/biz/westmount-laundrette-london-9334557/",
    "isPremium": false,
    "reviewCount": 2,
    "rating": 5.0
  }
]
