[
  {
    "name": "The Laundry Lounge",
    "address": "52 Bristol Road, Gloucester, GL1 5SD",
    "city": "Gloucester",
    "lat": 51.8590,
    "lng": -2.2530,
    "features": ["Coin-Op", "Launderette", "Dry Cleaning", "Alterations", "Long Hours"],
    "openingHours": "Mon-Sat: 9:00am - 8:00pm, Sun: 9:00am - 6:00pm",
    "website": "http://www.thelaundrylounge.co.uk/",
    "isPremium": true,
    "reviewCount": 15,
    "rating": 4.5
  },
  {
    "name": "Gloucester Wash & Dry",
    "address": "221 Barton St, Gloucester, GL1 4HY",
    "city": "Gloucester",
    "lat": 51.8680,
    "lng": -2.2350,
    "features": ["Manned Coin-Op", "Service Wash", "Commercial Service", "Duvet Cleaning"],
    "openingHours": "Mon-Sat: 8:00am - 6:00pm, Sun: Closed",
    "website": "https://www.yell.com/biz/gloucester-wash-and-dry-gloucester-9382215/",
    "isPremium": true,
    "reviewCount": 10,
    "rating": 5.0
  },
  {
    "name": "The Laundry Centre Ltd (Westgate St)",
    "address": "104 Westgate St, Gloucester, GL1 2PE",
    "city": "Gloucester",
    "lat": 51.8650,
    "lng": -2.2470,
    "features": ["Service Wash", "Dry-Cleaning", "Ironing", "Vegan Wash Options"],
    "openingHours": "Mon-Fri: 8:30am - 5:00pm, Sat: 10:00am - 1:00pm, Sun: Closed",
    "website": "https://www.thelaundrycentre.co.uk/",
    "isPremium": false,
    "reviewCount": 8,
    "rating": 4.1
  },
  {
    "name": "Love2Laundry Gloucester (Collection/Delivery)",
    "address": "Servicing GL postcodes (Virtual Listing)",
    "city": "Gloucester",
    "lat": 51.8600,
    "lng": -2.2500,
    "features": ["Collection/Delivery", "24hr Turnaround", "App Service", "Dry Cleaning"],
    "openingHours": "24/7 Booking",
    "website": "https://www.love2laundry.com/",
    "isPremium": true,
    "reviewCount": 12,
    "rating": 4.6
  },
  {
    "name": "Wash ME Launderette (Bristol Road)",
    "address": "250 Bristol Road, Gloucester, GL1 5TA",
    "city": "Gloucester",
    "lat": 51.8550,
    "lng": -2.2500,
    "features": ["24/7 Outdoor Machine", "Large Capacity", "Card Payment"],
    "openingHours": "24/7",
    "website": "https://stores.revolution-laundry.com/",
    "isPremium": false,
    "reviewCount": 5,
    "rating": 4.0
  },
  {
    "name": "Y R Launderette (Barton Street)",
    "address": "129 Barton Street, Gloucester, GL1 4HT",
    "city": "Gloucester",
    "lat": 51.8690,
    "lng": -2.2330,
    "features": ["Self-Service", "Local Service"],
    "openingHours": "Mon-Sun: 7:30am - 8:00pm",
    "website": "",
    "isPremium": false,
    "reviewCount": 3,
    "rating": 3.8
  },
  {
    "name": "Oxstalls Laundrette",
    "address": "123 Oxstalls Way, Gloucester, GL2 9JU",
    "city": "Gloucester",
    "lat": 51.8800,
    "lng": -2.2570,
    "features": ["Large Machines", "Duvet Washing", "Self-Service"],
    "openingHours": "Mon-Sun: 7:00am - 9:00pm",
    "website": "https://www.yell.com/biz/oxstalls-launderette-gloucester-9533355/",
    "isPremium": false,
    "reviewCount": 4,
    "rating": 4.5
  },
  {
    "name": "Coin-Op Launderettes (Cheltenham Rd)",
    "address": "229 Gloucester Rd, Cheltenham, GL51 8NJ",
    "city": "Gloucester",
    "lat": 51.9000,
    "lng": -2.0850,
    "features": ["Spotless Clean", "New Machines", "Self-Service", "Attended (Partial)"],
    "openingHours": "Mon-Sun: 7:00am - 9:00pm",
    "website": "https://www.yell.com/biz/coin-op-launderettes-cheltenham-9377464/",
    "isPremium": true,
    "reviewCount": 8,
    "rating": 5.0
  },
  {
    "name": "The Little Launderette (Stroud)",
    "address": "42 Market St, Stroud, GL6 0BX",
    "city": "Gloucester",
    "lat": 51.7450,
    "lng": -2.2150,
    "features": ["Launderette", "Service Wash", "Duvet Cleaning", "Rural Focus"],
    "openingHours": "Mon-Sat: 8:00am - 5:30pm, Sun: Closed",
    "website": "https://www.yell.com/biz/the-little-launderette-stroud-7901377/",
    "isPremium": false,
    "reviewCount": 3,
    "rating": 4.0
  },
  {
    "name": "Cirencester Launderette",
    "address": "12 Cirencester Rd, Cirencester, GL7 1ES (Est)",
    "city": "Gloucester",
    "lat": 51.7200,
    "lng": -1.9600,
    "features": ["Self-Service", "Dry Cleaning Agent", "Town Centre"],
    "openingHours": "Mon-Sat: 8:00am - 8:00pm, Sun: Closed",
    "website": "",
    "isPremium": false,
    "reviewCount": 2,
    "rating": 3.9
  },
  {
    "name": "EasySpin Self-Serve Laundrette",
    "address": "17 New Street, Worcester, WR1 2DP",
    "city": "Worcester",
    "lat": 52.1900,
    "lng": -2.2220,
    "features": ["Cashless Payment", "City Centre", "Self-Serve", "365 Days a Year"],
    "openingHours": "Mon-Sun: 6:00am - 11:00am and 2:00pm - 10:00pm",
    "website": "https://www.easyspin.co.uk/",
    "isPremium": true,
    "reviewCount": 15,
    "rating": 4.7
  },
  {
    "name": "The Little Launderette Co. Ltd",
    "address": "20 Lowesmoor, Worcester, WR1 2SG",
    "city": "Worcester",
    "lat": 52.1930,
    "lng": -2.2140,
    "features": ["Launderette", "Self-Service", "Long Hours"],
    "openingHours": "Mon-Sun: 7:00am - 7:00pm",
    "website": "https://www.yell.com/biz/the-little-launderette-co-ltd-worcester-901452486/",
    "isPremium": false,
    "reviewCount": 8,
    "rating": 4.5
  },
  {
    "name": "Love2Laundry Worcester (Collection/Delivery)",
    "address": "Servicing WR postcodes (Virtual Listing)",
    "city": "Worcester",
    "lat": 52.1900,
    "lng": -2.2200,
    "features": ["Collection/Delivery", "24hr Turnaround", "App Service", "Dry Cleaning"],
    "openingHours": "24/7 Booking",
    "website": "https://www.love2laundry.com/",
    "isPremium": true,
    "reviewCount": 10,
    "rating": 4.6
  },
  {
    "name": "Johnsons Cleaners (Waitrose)",
    "address": "223 London Road, Worcester, WR5 2JG",
    "city": "Worcester",
    "lat": 52.1850,
    "lng": -2.1800,
    "features": ["Dry Cleaning Drop-Off", "In-Store Agent", "Duvet Cleaning"],
    "openingHours": "Mon-Sat: 8:00am - 9:00pm, Sun: 10:00am - 4:00pm",
    "website": "https://www.johnsoncleaners.com/",
    "isPremium": true,
    "reviewCount": 5,
    "rating": 4.4
  },
  {
    "name": "Severn Laun Dri",
    "address": "22 Barbourne Rd, Worcester, WR1 1HT",
    "city": "Worcester",
    "lat": 52.2010,
    "lng": -2.2170,
    "features": ["Launderette", "Service Wash", "Kit Washing", "Open 7 Days"],
    "openingHours": "Mon-Fri: 8:30am - 6:00pm, Sat: 8:30am - 5:00pm, Sun: 9:00am - 4:00pm",
    "website": "https://www.yell.com/biz/severn-laun-dri-worcester-10332303/",
    "isPremium": false,
    "reviewCount": 4,
    "rating": 5.0
  },
  {
    "name": "Polyclean Centre (London Rd)",
    "address": "142 London Rd, Worcester, WR5 2EB",
    "city": "Worcester",
    "lat": 52.1870,
    "lng": -2.1950,
    "features": ["Self-Service", "Service Wash", "Family Run (40+ years)", "Duvet Cleaning"],
    "openingHours": "Mon-Sun: 8:00am - 7:00pm",
    "website": "https://www.yell.com/biz/polyclean-centre-worcester-3465363/",
    "isPremium": false,
    "reviewCount": 6,
    "rating": 3.3
  },
  {
    "name": "Malvern Launderette",
    "address": "21 Worcester Rd, Malvern, WR14 4QW (Est)",
    "city": "Worcester",
    "lat": 52.1000,
    "lng": -2.3100,
    "features": ["Launderette", "Dry Cleaning Agent", "Town Focus"],
    "openingHours": "Mon-Sat: 8:30am - 5:00pm, Sun: Closed",
    "website": "",
    "isPremium": false,
    "reviewCount": 3,
    "rating": 4.0
  },
  {
    "name": "Droitwich Spa Launderette",
    "address": "2 High St, Droitwich Spa, WR9 8EJ (Est)",
    "city": "Worcester",
    "lat": 52.2600,
    "lng": -2.1600,
    "features": ["Self-Service", "Service Wash"],
    "openingHours": "Mon-Sun: 7:00am - 9:00pm",
    "website": "",
    "isPremium": false,
    "reviewCount": 2,
    "rating": 4.3
  },
  {
    "name": "Pershore Launderette",
    "address": "50 High St, Pershore, WR10 1DP",
    "city": "Worcester",
    "lat": 52.1150,
    "lng": -2.0800,
    "features": ["Launderette", "Self-Service", "Long Established (50+ years)"],
    "openingHours": "Mon-Sat: 8:30am - 5:00pm, Sun: Closed",
    "website": "https://www.localpages.co.uk/details/931021465223777/",
    "isPremium": false,
    "reviewCount": 4,
    "rating": 5.0
  },
  {
    "name": "Evesham Launderette",
    "address": "15 Bridge St, Evesham, WR11 4SG (Est)",
    "city": "Worcester",
    "lat": 52.0910,
    "lng": -1.9480,
    "features": ["Self-Service", "Coin-Op", "Town Centre"],
    "openingHours": "Mon-Sun: 7:00am - 9:00pm",
    "website": "",
    "isPremium": false,
    "reviewCount": 3,
    "rating": 4.1
  },
  {
    "name": "Classic Dry Cleaners & Laundry Ltd",
    "address": "71-73 Whitecross Rd, Hereford, HR4 0DQ",
    "city": "Hereford",
    "lat": 52.0570,
    "lng": -2.7230,
    "features": ["Self-Service", "Dry Cleaning", "Service Wash", "Duvet/Kit Cleaning", "Most Experienced"],
    "openingHours": "Mon-Sun: 7:00am - 8:00pm (Staffed M-F 8:30am-5:30pm, Sat 8:30am-1:30pm)",
    "website": "https://www.classicdrycleanershereford.co.uk/",
    "isPremium": true,
    "reviewCount": 15,
    "rating": 4.5
  },
  {
    "name": "The Laundry Basket (Belmont Road)",
    "address": "80 Belmont Road, Hereford, HR4 9EW",
    "city": "Hereford",
    "lat": 52.0500,
    "lng": -2.7300,
    "features": ["Launderette", "Service Wash", "Duvet Cleaning"],
    "openingHours": "Mon-Sat: 8:30am - 5:30pm, Sun: Closed",
    "website": "https://www.localpages.co.uk/hereford-launderettes-1.html",
    "isPremium": false,
    "reviewCount": 5,
    "rating": 4.0
  },
  {
    "name": "Love2Laundry Hereford (Collection/Delivery)",
    "address": "Servicing HR postcodes (Virtual Listing)",
    "city": "Hereford",
    "lat": 52.0550,
    "lng": -2.7100,
    "features": ["Collection/Delivery", "24hr Turnaround", "App Service", "Dry Cleaning"],
    "openingHours": "24/7 Booking",
    "website": "https://www.love2laundry.com/",
    "isPremium": true,
    "reviewCount": 8,
    "rating": 4.6
  },
  {
    "name": "Priory Dry Cleaners (Commercial Road)",
    "address": "8 Commercial Rd, Hereford, HR1 2BB",
    "city": "Hereford",
    "lat": 52.0580,
    "lng": -2.7150,
    "features": ["Dry Cleaning", "In-Store Agent", "High Capacity", "Shoe Repair"],
    "openingHours": "Mon-Fri: 8:30am - 5:30pm, Sat: 8:30am - 5:00pm, Sun: Closed",
    "website": "https://priorydrycleaners.co.uk/hereford/",
    "isPremium": true,
    "reviewCount": 4,
    "rating": 4.3
  },
  {
    "name": "Leominster Launderette",
    "address": "15 Broad St, Leominster, HR6 8BS (Est)",
    "city": "Hereford",
    "lat": 52.2350,
    "lng": -2.7290,
    "features": ["Self-Service", "Service Wash", "Town Centre"],
    "openingHours": "Mon-Sat: 8:30am - 5:00pm, Sun: Closed",
    "website": "",
    "isPremium": false,
    "reviewCount": 3,
    "rating": 4.1
  },
  {
    "name": "Ross-on-Wye Launderette",
    "address": "2 High St, Ross-on-Wye, HR9 5PB (Est)",
    "city": "Hereford",
    "lat": 51.9100,
    "lng": -2.5900,
    "features": ["Launderette", "Duvet Cleaning", "Rural Focus"],
    "openingHours": "Mon-Sun: 7:00am - 9:00pm",
    "website": "",
    "isPremium": false,
    "reviewCount": 2,
    "rating": 4.0
  },
  {
    "name": "Kington Launderette",
    "address": "24 Bridge St, Kington, HR5 3AB (Est)",
    "city": "Hereford",
    "lat": 52.2000,
    "lng": -3.0300,
    "features": ["Self-Service", "Small Town"],
    "openingHours": "Mon-Sun: 8:00am - 8:00pm",
    "website": "",
    "isPremium": false,
    "reviewCount": 1,
    "rating": 3.8
  },
  {
    "name": "Bromyard Launderette",
    "address": "High St, Bromyard, HR7 4AA (Est)",
    "city": "Hereford",
    "lat": 52.1800,
    "lng": -2.5000,
    "features": ["Launderette", "Service Wash (Partial)"],
    "openingHours": "Mon-Sat: 8:30am - 5:00pm, Sun: Closed",
    "website": "",
    "isPremium": false,
    "reviewCount": 2,
    "rating": 4.2
  },
  {
    "name": "Ludlow Launderette",
    "address": "4 Broad St, Ludlow, SY8 1NG (Est)",
    "city": "Hereford",
    "lat": 52.3750,
    "lng": -2.7200,
    "features": ["Self-Service", "Dry Cleaning Agent"],
    "openingHours": "Mon-Sun: 7:00am - 8:00pm",
    "website": "",
    "isPremium": false,
    "reviewCount": 3,
    "rating": 4.5
  },
  {
    "name": "Tewkesbury Launderette",
    "address": "2 Barton St, Tewkesbury, GL20 5LA (Est)",
    "city": "Gloucester",
    "lat": 51.9950,
    "lng": -2.1550,
    "features": ["Launderette", "Service Wash", "Town Focus"],
    "openingHours": "Mon-Sat: 8:00am - 5:30pm, Sun: Closed",
    "website": "",
    "isPremium": false,
    "reviewCount": 4,
    "rating": 4.3
  }
]
