[
  {
    "name": "Atlantic Cleaners (Thornhill)",
    "address": "Thornhill Park Road, Southampton, SO18 5TS (Est)",
    "city": "Southampton",
    "lat": 50.9300,
    "lng": -1.3610,
    "features": ["Self-Service 7 Days", "Dry Cleaning", "Staffed (Partial)"],
    "openingHours": "Self-Service: 8:00am - 9:00pm",
    "website": "https://atlantic-cleaners.com/",
    "isPremium": false,
    "reviewCount": 8,
    "rating": 4.1
  },
  {
    "name": "Woolston Launderette",
    "address": "42-44 Portsmouth Road, Southampton, SO19 9BA (Est)",
    "city": "Southampton",
    "lat": 50.8980,
    "lng": -1.3780,
    "features": ["Coin-Op", "Wash & Dry Service", "Ironing Service", "Card Payment"],
    "openingHours": "Mon-Sun: 8:00am - 8:00pm",
    "website": "https://www.woolstonlaunderette.co.uk/",
    "isPremium": true,
    "reviewCount": 15,
    "rating": 4.6
  },
  {
    "name": "The Triangle Launderette",
    "address": "1 The Triangle, Freemantle, Southampton, SO15 3AA (Est)",
    "city": "Southampton",
    "lat": 50.9060,
    "lng": -1.4010,
    "features": ["Self-Service", "Early Opening (6am)", "Duvet Wash", "Pre-Booking"],
    "openingHours": "Mon-Sun: 6:00am - 7:30pm",
    "website": "https://trianglelaundry.com/",
    "isPremium": false,
    "reviewCount": 10,
    "rating": 4.3
  },
  {
    "name": "Atlantic Cleaners (Bedford Place)",
    "address": "38 Bedford Place, Southampton, SO15 2QG",
    "city": "Southampton",
    "lat": 50.9160,
    "lng": -1.4050,
    "features": ["Dry Cleaning", "Commercial Laundry", "Shirt Service"],
    "openingHours": "Mon-Sat: 8:30am - 5:30pm, Sun: Closed",
    "website": "https://atlantic-cleaners.com/",
    "isPremium": false,
    "reviewCount": 12,
    "rating": 4.2
  },
  {
    "name": "Eastleigh Launderette",
    "address": "16 Market St, Eastleigh, Southampton, SO50 5RH (Est)",
    "city": "Southampton",
    "lat": 50.9670,
    "lng": -1.3500,
    "features": ["Self-Service", "Service Wash", "Large Machines"],
    "openingHours": "Mon-Sat: 8:00am - 6:00pm, Sun: Closed",
    "website": "",
    "isPremium": false,
    "reviewCount": 7,
    "rating": 3.9
  },
  {
    "name": "Hythe Launderette",
    "address": "5 The Marsh, Hythe, Southampton, SO45 6AL (Est)",
    "city": "Southampton",
    "lat": 50.8670,
    "lng": -1.4000,
    "features": ["Launderette", "Dry Cleaning Agent", "Ironing"],
    "openingHours": "Mon-Sat: 9:00am - 5:00pm, Sun: Closed",
    "website": "",
    "isPremium": false,
    "reviewCount": 5,
    "rating": 4.0
  },
  {
    "name": "Shirley Launderette",
    "address": "250 Shirley Rd, Southampton, SO15 3HY (Est)",
    "city": "Southampton",
    "lat": 50.9200,
    "lng": -1.4330,
    "features": ["Self-Service", "Service Wash", "Duvet Cleaning"],
    "openingHours": "Mon-Sun: 7:00am - 9:00pm",
    "website": "",
    "isPremium": false,
    "reviewCount": 10,
    "rating": 4.4
  },
  {
    "name": "Romsey Launderette",
    "address": "11 Bell St, Romsey, Southampton, SO51 8GY (Est)",
    "city": "Southampton",
    "lat": 50.9890,
    "lng": -1.4960,
    "features": ["Launderette", "Staffed", "Dry Cleaning Agent"],
    "openingHours": "Mon-Sat: 8:30am - 5:00pm, Sun: Closed",
    "website": "",
    "isPremium": false,
    "reviewCount": 6,
    "rating": 4.5
  },
  {
    "name": "Cove Dry Cleaners & Launderette",
    "address": "10 Commercial Rd, Southampton, SO15 1GF (Est)",
    "city": "Southampton",
    "lat": 50.9080,
    "lng": -1.4060,
    "features": ["Dry Cleaning", "Service Wash", "Commercial"],
    "openingHours": "Mon-Fri: 9:00am - 6:00pm, Sat: 9:00am - 4:00pm, Sun: Closed",
    "website": "",
    "isPremium": true,
    "reviewCount": 4,
    "rating": 4.8
  },
  {
    "name": "Portswood Launderette",
    "address": "25 Portswood Rd, Southampton, SO17 2ES (Est)",
    "city": "Southampton",
    "lat": 50.9250,
    "lng": -1.3920,
    "features": ["Self-Service", "Service Wash", "Drying Only"],
    "openingHours": "Mon-Sun: 7:00am - 10:00pm",
    "website": "",
    "isPremium": false,
    "reviewCount": 9,
    "rating": 4.0
  },
  {
    "name": "Mainwise Launderette (Loughborough Rd)",
    "address": "191 Loughborough Rd, Nottingham, NG2 7JR",
    "city": "Nottingham",
    "lat": 52.9230,
    "lng": -1.1390,
    "features": ["Self-Service", "Drop-off Wash", "Dry Cleaning", "Late Wash (7:30pm)"],
    "openingHours": "Mon-Sat: 8:00am - 9:00pm, Sun: 9:00am - 9:00pm",
    "website": "https://www.mainwise.co.uk/",
    "isPremium": true,
    "reviewCount": 20,
    "rating": 4.5
  },
  {
    "name": "Mainwise Launderette (Mansfield Rd)",
    "address": "341 Mansfield Rd, Nottingham, NG5 2DA",
    "city": "Nottingham",
    "lat": 52.9750,
    "lng": -1.1380,
    "features": ["Self-Service", "Drop-off Wash", "Dry Cleaning", "Ironing"],
    "openingHours": "Mon-Sat: 8:30am - 9:00pm, Sun: 9:00am - 9:00pm",
    "website": "https://www.mainwise.co.uk/",
    "isPremium": false,
    "reviewCount": 15,
    "rating": 4.3
  },
  {
    "name": "It's Brilliant, Gordon Road",
    "address": "10 Gordon Rd, West Bridgford, Nottingham, NG2 5LL (Est)",
    "city": "Nottingham",
    "lat": 52.9370,
    "lng": -1.1440,
    "features": ["Self-Service", "Dry Cleaning", "Collection & Delivery"],
    "openingHours": "Mon-Sat: 8:00am - 9:00pm, Sun: 9:00am - 9:00pm",
    "website": "https://www.mainwise.co.uk/",
    "isPremium": true,
    "reviewCount": 18,
    "rating": 4.6
  },
  {
    "name": "Ruddington Launderette",
    "address": "25 Church St, Ruddington, Nottingham, NG11 6EL (Est)",
    "city": "Nottingham",
    "lat": 52.8800,
    "lng": -1.1710,
    "features": ["Self-Service", "Collection/Drop off", "Attended (Partial)"],
    "openingHours": "Mon-Fri: 8:00am - 8:30pm, Sat: 9:00am - 8:30pm, Sun: Closed",
    "website": "https://www.mainwise.co.uk/",
    "isPremium": false,
    "reviewCount": 10,
    "rating": 4.0
  },
  {
    "name": "Arkwright Dry Cleaners Ltd",
    "address": "288 Arkwright St, Nottingham, NG2 2GR",
    "city": "Nottingham",
    "lat": 52.9390,
    "lng": -1.1410,
    "features": ["Dry Cleaning", "Alterations", "Wedding Dress Cleaning"],
    "openingHours": "Mon-Sat: 8:00am - 6:00pm, Sun: Closed",
    "website": "https://www.arkwrightdrycleaners.co.uk/ (Est)",
    "isPremium": false,
    "reviewCount": 3,
    "rating": 3.7
  },
  {
    "name": "Calsteph Laundry Services",
    "address": "89 Haydn Rd, Nottingham, NG5 2LA",
    "city": "Nottingham",
    "lat": 52.9750,
    "lng": -1.1630,
    "features": ["Launderette", "Service Wash", "9 Washers / 7 Driers"],
    "openingHours": "Mon-Sat: 7:00am - 8:00pm, Sun: Closed",
    "website": "",
    "isPremium": false,
    "reviewCount": 5,
    "rating": 4.1
  },
  {
    "name": "Arnold Launderette",
    "address": "8 Catton Rd, Arnold, Nottingham, NG5 7JD",
    "city": "Nottingham",
    "lat": 53.0060,
    "lng": -1.1270,
    "features": ["Self-Service", "Service Wash"],
    "openingHours": "Mon-Sun: 7:00am - 9:00pm",
    "website": "",
    "isPremium": false,
    "reviewCount": 7,
    "rating": 4.2
  },
  {
    "name": "Mapperley Top Clean Ltd",
    "address": "954 Woodborough Rd, Nottingham, NG3 5QS",
    "city": "Nottingham",
    "lat": 52.9770,
    "lng": -1.1090,
    "features": ["Dry Cleaners", "Alterations", "21+ Years Experience"],
    "openingHours": "Mon-Sat: 9:30am - 5:30pm, Sun: Closed",
    "website": "",
    "isPremium": false,
    "reviewCount": 5,
    "rating": 5.0
  },
  {
    "name": "Easy-Wash (Langley Mill)",
    "address": "109 Wharf Road, Langley Mill, Nottingham, NG16 6LH (Est)",
    "city": "Nottingham",
    "lat": 53.0200,
    "lng": -1.3000,
    "features": ["Launderette", "Free Collection & Delivery", "Competitive Prices"],
    "openingHours": "Mon-Sat: 9:00am - 5:00pm, Sun: Closed",
    "website": "",
    "isPremium": false,
    "reviewCount": 1,
    "rating": 5.0
  },
  {
    "name": "The Manor Laundry Limited",
    "address": "Unit 2, Manor Farm, Scarrington, Nottingham, NG13 9BQ",
    "city": "Nottingham",
    "lat": 52.9460,
    "lng": -0.9250,
    "features": ["Wet Cleaning (Eco-Friendly Dry Cleaning)", "Commercial Service"],
    "openingHours": "Tue-Fri: 10:00am - 2:00pm, Mon/Sat/Sun: Closed",
    "website": "https://www.themanorlaundry.co.uk/",
    "isPremium": true,
    "reviewCount": 2,
    "rating": 4.9
  },
  {
    "name": "Clarendon Laundry (Clarendon Park)",
    "address": "121 St Leonards Rd, Leicester, LE2 3BZ",
    "city": "Leicester",
    "lat": 52.6200,
    "lng": -1.1250,
    "features": ["Self-Service 7 Days", "Service Wash", "Ironing", "Pickup & Delivery"],
    "openingHours": "Mon-Sun: 7:00am - 9:00pm",
    "website": "https://clarendonlaundry.co.uk/",
    "isPremium": true,
    "reviewCount": 16,
    "rating": 4.8
  },
  {
    "name": "Welford Laundrette Ltd",
    "address": "357 Welford Road, Leicester, LE2 6BJ",
    "city": "Leicester",
    "lat": 52.6100,
    "lng": -1.1370,
    "features": ["Self-Service", "Full-Service", "Dry Cleaning", "Airbnb Laundry", "Free Collection"],
    "openingHours": "Mon-Sat: 9:00am - 6:00pm, Sun: Closed",
    "website": "http://www.welfordlaundry.co.uk/",
    "isPremium": true,
    "reviewCount": 3,
    "rating": 5.0
  },
  {
    "name": "Saffron Launderette",
    "address": "629 Saffron Lane, Leicester, LE2 6UN",
    "city": "Leicester",
    "lat": 52.6070,
    "lng": -1.1490,
    "features": ["Self Service Wash 7 Days", "Service Wash", "Duvet Cleaning", "Free Parking"],
    "openingHours": "Mon-Sun: 7:00am - 7:00pm",
    "website": "",
    "isPremium": false,
    "reviewCount": 1,
    "rating": 4.0
  },
  {
    "name": "The Launderette (Narborough Rd)",
    "address": "106 Narborough Rd, Leicester, LE3 0BS",
    "city": "Leicester",
    "lat": 52.6270,
    "lng": -1.1550,
    "features": ["Self-Service", "Early Opening (6am)"],
    "openingHours": "Mon-Sun: 6:00am - 10:00pm",
    "website": "",
    "isPremium": false,
    "reviewCount": 5,
    "rating": 4.1
  },
  {
    "name": "Royal Dry Cleaners",
    "address": "18 Melton Rd, Leicester LE4 5EA",
    "city": "Leicester",
    "lat": 52.6450,
    "lng": -1.1350,
    "features": ["Dry Cleaning", "Clothing Alterations", "Repair Service"],
    "openingHours": "Mon-Sat: 9:00am - 5:00pm, Sun: Closed",
    "website": "http://royal-drycleaners.co.uk/",
    "isPremium": false,
    "reviewCount": 10,
    "rating": 4.4
  },
  {
    "name": "D R Laundrette",
    "address": "321 Abbey Lane, Leicester, LE4 5QJ",
    "city": "Leicester",
    "lat": 52.6610,
    "lng": -1.1270,
    "features": ["Self-Service", "Commercial Service", "Family Run"],
    "openingHours": "Mon-Fri: 7:00am - 7:00pm, Sat: 8:00am - 6:00pm, Sun: Closed",
    "website": "",
    "isPremium": false,
    "reviewCount": 3,
    "rating": 4.7
  },
  {
    "name": "Aylestone Laundrette",
    "address": "196a Saffron Lane, Leicester, LE2 7NE",
    "city": "Leicester",
    "lat": 52.6100,
    "lng": -1.1350,
    "features": ["Self-Service", "Service Wash", "Staffed"],
    "openingHours": "Mon-Sat: 8:00am - 6:00pm, Sun: Closed",
    "website": "",
    "isPremium": false,
    "reviewCount": 1,
    "rating": 5.0
  },
  {
    "name": "Melton Launderette",
    "address": "275 Melton Road, Leicester, LE4 7AN",
    "city": "Leicester",
    "lat": 52.6510,
    "lng": -1.1200,
    "features": ["Self-Service", "Cottage-type Laundry", "Linen Hire Service"],
    "openingHours": "Mon-Sat: 9:00am - 5:00pm, Sun: Closed",
    "website": "",
    "isPremium": false,
    "reviewCount": 3,
    "rating": 4.2
  },
  {
    "name": "Washcloth Launderette",
    "address": "11 Charnwood Walk, Leicester, LE5 3FN",
    "city": "Leicester",
    "lat": 52.6420,
    "lng": -1.0920,
    "features": ["Self-Service", "Service Wash", "Attended"],
    "openingHours": "Mon-Sat: 8:00am - 7:00pm, Sun: 9:00am - 4:00pm",
    "website": "",
    "isPremium": false,
    "reviewCount": 4,
    "rating": 4.3
  },
  {
    "name": "Hinckley Launderette Ltd",
    "address": "44 Hinckley Rd, Leicester, LE3 0RB",
    "city": "Leicester",
    "lat": 52.6320,
    "lng": -1.1660,
    "features": ["Launderette", "Dry Cleaning", "Competitive Prices"],
    "openingHours": "Mon-Sat: 7:00am - 7:00pm, Sun: Closed",
    "website": "",
    "isPremium": false,
    "reviewCount": 1,
    "rating": 5.0
  }
]
