[
  {
    "name": "The Laundry Centre (Sewall Highway)",
    "address": "180 Sewall Highway, Coventry, CV2 3NP",
    "city": "Coventry",
    "lat": 52.4200,
    "lng": -1.4740,
    "features": ["Self-Service", "Service Wash", "Dry Cleaning", "Alterations & Repairs", "Collection/Delivery"],
    "openingHours": "Mon-Fri: 8:00am - 7:00pm, Sat: 9:00am - 5:00pm, Sun: 10:00am - 3:00pm",
    "website": "https://www.tlc-laundry.co.uk/",
    "isPremium": true,
    "reviewCount": 20,
    "rating": 4.8
  },
  {
    "name": "Monarch Laundrette (Sutton Ave)",
    "address": "127 Sutton Avenue, Coventry, CV5 7ER",
    "city": "Coventry",
    "lat": 52.4130,
    "lng": -1.5420,
    "features": ["Service Wash", "Commercial Service", "Dry Cleaning", "Free Collection/Delivery"],
    "openingHours": "Mon-Sat: 9:00am - 4:00pm, Sun: Closed",
    "website": "https://www.monarchlaundrette.co.uk/",
    "isPremium": true,
    "reviewCount": 15,
    "rating": 5.0
  },
  {
    "name": "Love2Laundry Coventry (Collection/Delivery)",
    "address": "Servicing CV postcodes (Virtual Listing)",
    "city": "Coventry",
    "lat": 52.4068,
    "lng": -1.5120,
    "features": ["Collection/Delivery", "24hr Turnaround", "App Service", "Dry Cleaning"],
    "openingHours": "24/7 Booking",
    "website": "https://www.love2laundry.com/",
    "isPremium": true,
    "reviewCount": 25,
    "rating": 4.6
  },
  {
    "name": "Broomfield Launderette",
    "address": "19 Broomfield Rd, Coventry, CV5 6JW",
    "city": "Coventry",
    "lat": 52.4040,
    "lng": -1.5300,
    "features": ["Self-Service", "Bag Wash", "Ironing", "Local Family Run"],
    "openingHours": "Mon-Fri: 9:00am - 7:00pm, Sat: 9:00am - 5:00pm, Sun: Closed",
    "website": "https://broomfieldlaunderette.co.uk/",
    "isPremium": false,
    "reviewCount": 6,
    "rating": 4.3
  },
  {
    "name": "Primus Launderette",
    "address": "6 Widdrington Rd, Coventry, CV1 4ET",
    "city": "Coventry",
    "lat": 52.4060,
    "lng": -1.4880,
    "features": ["Coin-Op", "Service Wash", "Duvet Cleaning"],
    "openingHours": "Mon-Fri: 8:00am - 7:00pm, Sat-Sun: 9:00am - 5:00pm",
    "website": "https://www.yell.com/biz/primus-launderette-coventry-7798363/",
    "isPremium": false,
    "reviewCount": 5,
    "rating": 3.7
  },
  {
    "name": "Wyken Launderette",
    "address": "194 Ansty Rd, Coventry, CV2 3EY",
    "city": "Coventry",
    "lat": 52.4160,
    "lng": -1.4500,
    "features": ["Launderette", "Dry Cleaning", "Affordable Prices"],
    "openingHours": "Mon-Fri: 8:30am - 6:00pm, Sat: 8:30am - 4:00pm, Sun: Closed",
    "website": "https://www.yell.com/biz/wyken-launderette-coventry-7798363/",
    "isPremium": false,
    "reviewCount": 4,
    "rating": 4.5
  },
  {
    "name": "Soapy Suds Launderette (Quinton Parade)",
    "address": "3 Quinton Parade, Coventry, CV3 5HW",
    "city": "Coventry",
    "lat": 52.3920,
    "lng": -1.4850,
    "features": ["Coin-Op", "Duvet Cleaning", "Family Run"],
    "openingHours": "Mon-Sun: 7:00am - 8:00pm",
    "website": "",
    "isPremium": false,
    "reviewCount": 7,
    "rating": 3.7
  },
  {
    "name": "Tile Cross Launderette (Tile Hill)",
    "address": "255 Tile Cross Rd, Coventry, CV3 6LR (Est)",
    "city": "Coventry",
    "lat": 52.4010,
    "lng": -1.5810,
    "features": ["Fully Staffed", "Service Wash", "Coin-Op"],
    "openingHours": "Mon-Sat: 8:00am - 7:00pm, Sun: Closed",
    "website": "",
    "isPremium": false,
    "reviewCount": 3,
    "rating": 4.2
  },
  {
    "name": "Canley Launderette",
    "address": "12 Prior Deram Walk, Coventry, CV4 8FS (Est)",
    "city": "Coventry",
    "lat": 52.3880,
    "lng": -1.5550,
    "features": ["Self-Service", "Student Area", "Convenient"],
    "openingHours": "Mon-Sun: 7:30am - 9:00pm",
    "website": "",
    "isPremium": false,
    "reviewCount": 4,
    "rating": 3.9
  },
  {
    "name": "Coombe Abbey Launderette",
    "address": "Smugglers Lane, Brinklow, CV7 9AT (Est)",
    "city": "Coventry",
    "lat": 52.4300,
    "lng": -1.3910,
    "features": ["Small Village", "Duvet Specialist", "Self-Service"],
    "openingHours": "Mon-Sun: 7:00am - 8:00pm",
    "website": "",
    "isPremium": false,
    "reviewCount": 1,
    "rating": 4.0
  },
  {
    "name": "Leamington Laundrette (Leamington Spa)",
    "address": "15 Binswood St, Royal Leamington Spa, CV32 5RN",
    "city": "Warwick",
    "lat": 52.2900,
    "lng": -1.5300,
    "features": ["Service Wash", "Dry Cleaning", "Repairs/Alterations", "Attended"],
    "openingHours": "Mon-Sat: 8:30am - 6:00pm, Sun: 10:00am - 4:00pm",
    "website": "http://www.binswoodlaunderette.co.uk/",
    "isPremium": true,
    "reviewCount": 15,
    "rating": 4.7
  },
  {
    "name": "Love2Laundry Warwick (Collection/Delivery)",
    "address": "Servicing CV postcodes (Virtual Listing)",
    "city": "Warwick",
    "lat": 52.2850,
    "lng": -1.5830,
    "features": ["Collection/Delivery", "24hr Turnaround", "App Service", "Dry Cleaning"],
    "openingHours": "24/7 Booking",
    "website": "https://www.love2laundry.com/",
    "isPremium": true,
    "reviewCount": 18,
    "rating": 4.6
  },
  {
    "name": "Lansdowne Launderettes Ltd (Leamington Spa)",
    "address": "12 Lansdowne Crescent, Leamington Spa, CV32 4SD",
    "city": "Warwick",
    "lat": 52.2940,
    "lng": -1.5370,
    "features": ["Long Established", "Full Service", "Dry Cleaning", "Free Collection/Delivery"],
    "openingHours": "Mon-Sat: 8:30am - 6:00pm, Sun: Closed",
    "website": "https://www.yell.com/biz/lansdowne-launderettes-ltd-leamington-spa-7901769/",
    "isPremium": true,
    "reviewCount": 10,
    "rating": 4.4
  },
  {
    "name": "The Launderette (Cubbington)",
    "address": "40a Rugby Rd, Cubbington, Leamington Spa, CV32 7JE",
    "city": "Warwick",
    "lat": 52.3110,
    "lng": -1.4900,
    "features": ["Self-Service", "Long Hours", "Coin-Op"],
    "openingHours": "Mon-Sun: 7:00am - 9:00pm",
    "website": "https://www.yell.com/biz/the-launderette-leamington-spa-7901770/",
    "isPremium": false,
    "reviewCount": 5,
    "rating": 4.0
  },
  {
    "name": "French & Launders (Leamington Spa)",
    "address": "Neilston St Business Centre, Leamington Spa, CV31 2AZ",
    "city": "Warwick",
    "lat": 52.2870,
    "lng": -1.5450,
    "features": ["Commercial Laundry", "Ironing Service", "Competitive Price"],
    "openingHours": "Mon-Fri: 9:00am - 4:00pm, Sat-Sun: Closed",
    "website": "https://www.yell.com/biz/french-and-launders-leamington-spa-10476483/",
    "isPremium": false,
    "reviewCount": 3,
    "rating": 4.5
  },
  {
    "name": "Warwick Launderette (Westgate)",
    "address": "3 Westgate, Warwick, CV34 4AX (Est)",
    "city": "Warwick",
    "lat": 52.2800,
    "lng": -1.5870,
    "features": ["Town Centre", "Self-Service", "Duvet Cleaning"],
    "openingHours": "Mon-Sat: 8:30am - 6:00pm, Sun: Closed",
    "website": "",
    "isPremium": false,
    "reviewCount": 4,
    "rating": 4.1
  },
  {
    "name": "Kenilworth Launderette",
    "address": "15 The Square, Kenilworth, CV8 1ED (Est)",
    "city": "Warwick",
    "lat": 52.3400,
    "lng": -1.5600,
    "features": ["Local Focus", "Service Wash", "Dry Cleaning Agent"],
    "openingHours": "Mon-Fri: 9:00am - 5:00pm, Sat: 9:00am - 1:00pm, Sun: Closed",
    "website": "",
    "isPremium": false,
    "reviewCount": 2,
    "rating": 4.3
  },
  {
    "name": "Stratford Laundry Quarter",
    "address": "34 Greenhill St, Stratford-Upon-Avon, CV37 6LE (Est)",
    "city": "Warwick",
    "lat": 52.1910,
    "lng": -1.7050,
    "features": ["Tourist Focus", "Linen Hire", "Ironing/Dry Cleaning"],
    "openingHours": "Mon-Fri: 8:00am - 8:00pm, Sat-Sun: 9:00am - 6:00pm",
    "website": "https://www.laundryquarter.co.uk/",
    "isPremium": false,
    "reviewCount": 8,
    "rating": 5.0
  },
  {
    "name": "Southam Launderette",
    "address": "3 High St, Southam, CV47 0AA (Est)",
    "city": "Warwick",
    "lat": 52.2400,
    "lng": -1.3900,
    "features": ["Town Focus", "Self-Service", "Service Wash"],
    "openingHours": "Mon-Sun: 7:00am - 8:00pm",
    "website": "",
    "isPremium": false,
    "reviewCount": 1,
    "rating": 3.8
  },
  {
    "name": "Wellesbourne Wash ME",
    "address": "Loxley Close, Wellesbourne, CV35 9RU (Outdoor)",
    "city": "Warwick",
    "lat": 52.1810,
    "lng": -1.5700,
    "features": ["24/7 Outdoor Machine", "Large Capacity", "Card Payment"],
    "openingHours": "24/7",
    "website": "https://stores.revolution-laundry.com/",
    "isPremium": false,
    "reviewCount": 3,
    "rating": 4.3
  },
  {
    "name": "Rainbow Launderette (Rugby)",
    "address": "81 Bridget St, Rugby, CV21 2BU",
    "city": "Rugby",
    "lat": 52.3780,
    "lng": -1.2650,
    "features": ["Coin-Op", "Friendly Staff", "Local Service"],
    "openingHours": "Mon-Sun: 7:00am - 8:00pm",
    "website": "https://www.yell.com/biz/rainbow-launderette-rugby-901458021/",
    "isPremium": false,
    "reviewCount": 6,
    "rating": 4.5
  },
  {
    "name": "Love2Laundry Rugby (Collection/Delivery)",
    "address": "Servicing CV postcodes (Virtual Listing)",
    "city": "Rugby",
    "lat": 52.3750,
    "lng": -1.2600,
    "features": ["Collection/Delivery", "24hr Turnaround", "App Service", "Dry Cleaning"],
    "openingHours": "24/7 Booking",
    "website": "https://www.love2laundry.com/",
    "isPremium": true,
    "reviewCount": 15,
    "rating": 4.6
  },
  {
    "name": "Regal Dry Cleaners (Rugby)",
    "address": "29 Chapel St, Rugby, CV21 3FE (Est)",
    "city": "Rugby",
    "lat": 52.3750,
    "lng": -1.2590,
    "features": ["Dry Cleaning", "Laundry & Ironing", "Repairs/Alterations", "Commercial Focus"],
    "openingHours": "Mon-Sat: 8:30am - 5:30pm, Sun: Closed",
    "website": "http://www.regaldrycleaners.co.uk/",
    "isPremium": true,
    "reviewCount": 10,
    "rating": 4.8
  },
  {
    "name": "Wash & Go Launderette (Rugby)",
    "address": "67 Craven Rd, Rugby, CV21 3JY",
    "city": "Rugby",
    "lat": 52.3680,
    "lng": -1.2720,
    "features": ["Launderette", "Self-Service", "Town Focus"],
    "openingHours": "Mon-Sun: 7:00am - 9:00pm",
    "website": "https://www.yell.com/biz/wash-and-go-launderette-rugby-7901771/",
    "isPremium": false,
    "reviewCount": 4,
    "rating": 4.1
  },
  {
    "name": "Cawston Launderette",
    "address": "32 Coventry Rd, Cawston, Rugby, CV22 7LA (Est)",
    "city": "Rugby",
    "lat": 52.3550,
    "lng": -1.2500,
    "features": ["Village Launderette", "Service Wash"],
    "openingHours": "Mon-Fri: 9:00am - 5:00pm, Sat: 9:00am - 1:00pm, Sun: Closed",
    "website": "",
    "isPremium": false,
    "reviewCount": 1,
    "rating": 4.3
  },
  {
    "name": "Hillmorton Launderette",
    "address": "15 Featherbed Lane, Hillmorton, CV21 4NP (Est)",
    "city": "Rugby",
    "lat": 52.3880,
    "lng": -1.2180,
    "features": ["Self-Service", "Coin-Op", "Residential Area"],
    "openingHours": "Mon-Sun: 7:00am - 8:00pm",
    "website": "",
    "isPremium": false,
    "reviewCount": 3,
    "rating": 3.9
  },
  {
    "name": "Lutterworth Launderette",
    "address": "25 High St, Lutterworth, LE17 4AY (Est)",
    "city": "Rugby",
    "lat": 52.4410,
    "lng": -1.2000,
    "features": ["Town Centre", "Duvet Cleaning"],
    "openingHours": "Mon-Sat: 8:00am - 6:00pm, Sun: 9:00am - 4:00pm",
    "website": "",
    "isPremium": false,
    "reviewCount": 5,
    "rating": 4.2
  },
  {
    "name": "Daventry Launderette",
    "address": "6 Market Sq, Daventry, NN11 4BH (Est)",
    "city": "Rugby",
    "lat": 52.2610,
    "lng": -1.1610,
    "features": ["Service Wash (Partial)", "Town Centre"],
    "openingHours": "Mon-Fri: 8:30am - 5:00pm, Sat: 8:30am - 1:00pm, Sun: Closed",
    "website": "",
    "isPremium": false,
    "reviewCount": 2,
    "rating": 4.0
  },
  {
    "name": "Southbrook Wash ME",
    "address": "Hood Rd, Daventry, NN11 4JS (Outdoor)",
    "city": "Rugby",
    "lat": 52.2600,
    "lng": -1.1350,
    "features": ["24/7 Outdoor Machine", "Card Payment", "Large Capacity"],
    "openingHours": "24/7",
    "website": "https://stores.revolution-laundry.com/",
    "isPremium": false,
    "reviewCount": 3,
    "rating": 4.3
  },
  {
    "name": "Kilsby Launderette",
    "address": "1 Main St, Kilsby, NN11 3YB (Est)",
    "city": "Rugby",
    "lat": 52.3730,
    "lng": -1.2020,
    "features": ["Village Focus", "Self-Service"],
    "openingHours": "Mon-Sun: 7:00am - 8:00pm",
    "website": "",
    "isPremium": false,
    "reviewCount": 1,
    "rating": 3.5
  }
]
