[
  {
    "name": "The Laundry Room (Holyhead Rd)",
    "address": "9-11 Holyhead Rd, Bangor, LL57 2EG",
    "city": "Bangor",
    "lat": 53.2260,
    "lng": -4.1290,
    "features": ["Self-Service", "Dry Cleaning", "Ironing", "Duvet Cleaning", "Long Hours"],
    "openingHours": "Mon-Sun: 8:00am - 12:00am (Midnight)",
    "website": "https://www.yell.com/biz/laundry-room-bangor-901716350/",
    "isPremium": true,
    "reviewCount": 15,
    "rating": 5.0
  },
  {
    "name": "Love2Laundry Bangor (Collection/Delivery)",
    "address": "Servicing LL postcodes (Virtual Listing)",
    "city": "Bangor",
    "lat": 53.2280,
    "lng": -4.1250,
    "features": ["Collection/Delivery", "24hr Turnaround", "App Service", "Dry Cleaning"],
    "openingHours": "24/7 Booking",
    "website": "https://www.love2laundry.com/",
    "isPremium": true,
    "reviewCount": 10,
    "rating": 4.6
  },
  {
    "name": "CAM's Laundrette (Ffriddoedd)",
    "address": "Ffriddoedd, Ffriddoedd Road, Bangor, LL57 2EH (Est)",
    "city": "Bangor",
    "lat": 53.2280,
    "lng": -4.1350,
    "features": ["Student Focus", "24/7 Access", "Modern Machines"],
    "openingHours": "24/7 (LL57 2EH Campus)",
    "website": "https://camcleaningsolutions.co.uk/",
    "isPremium": false,
    "reviewCount": 8,
    "rating": 4.0
  },
  {
    "name": "P Leung Launderette",
    "address": "213 Caernarfon Rd, Bangor, LL57 4LW",
    "city": "Bangor",
    "lat": 53.2180,
    "lng": -4.1550,
    "features": ["Self-Service", "Local Service"],
    "openingHours": "Mon-Sat: 8:00am - 7:00pm, Sun: 9:00am - 5:00pm",
    "website": "https://www.yell.com/biz/p-leung-bangor-222014/",
    "isPremium": false,
    "reviewCount": 3,
    "rating": 3.5
  },
  {
    "name": "Holyhead Laundrette",
    "address": "15 Market St, Holyhead, LL65 1TH (Est)",
    "city": "Bangor",
    "lat": 53.3070,
    "lng": -4.6280,
    "features": ["Island Focus", "Service Wash", "Self-Service"],
    "openingHours": "Mon-Sat: 8:30am - 5:00pm, Sun: Closed",
    "website": "",
    "isPremium": false,
    "reviewCount": 4,
    "rating": 4.1
  },
  {
    "name": "Caernarfon Launderette",
    "address": "3 Y Maes, Caernarfon, LL55 2NE (Est)",
    "city": "Bangor",
    "lat": 53.1360,
    "lng": -4.2740,
    "features": ["Town Centre", "Duvet Cleaning"],
    "openingHours": "Mon-Sun: 7:00am - 8:00pm",
    "website": "",
    "isPremium": false,
    "reviewCount": 2,
    "rating": 3.8
  },
  {
    "name": "Llanfairpwll Launderette",
    "address": "High Street, Llanfairpwllgwyngyll, LL61 5AB (Est)",
    "city": "Bangor",
    "lat": 53.2210,
    "lng": -4.2040,
    "features": ["Village Launderette", "Self-Service"],
    "openingHours": "Mon-Sun: 7:00am - 9:00pm",
    "website": "",
    "isPremium": false,
    "reviewCount": 1,
    "rating": 4.5
  },
  {
    "name": "Amlwch Laundrette",
    "address": "15 Market St, Amlwch, LL68 9AB (Est)",
    "city": "Bangor",
    "lat": 53.4210,
    "lng": -4.3320,
    "features": ["Coastal Focus", "Service Wash"],
    "openingHours": "Mon-Fri: 9:00am - 4:00pm, Sat: 9:00am - 1:00pm, Sun: Closed",
    "website": "",
    "isPremium": false,
    "reviewCount": 2,
    "rating": 4.0
  },
  {
    "name": "Llandudno Laundry",
    "address": "10 North Parade, Llandudno, LL30 2LL (Est)",
    "city": "Bangor",
    "lat": 53.3280,
    "lng": -3.8320,
    "features": ["Service Wash", "Holiday Focus", "Dry Cleaning"],
    "openingHours": "Mon-Sat: 8:30am - 5:30pm, Sun: Closed",
    "website": "",
    "isPremium": false,
    "reviewCount": 5,
    "rating": 4.2
  },
  {
    "name": "Blaenau Ffestiniog Launderette",
    "address": "High St, Blaenau Ffestiniog, LL41 3DL (Est)",
    "city": "Bangor",
    "lat": 52.9900,
    "lng": -3.9400,
    "features": ["Mountain Town", "Self-Service"],
    "openingHours": "Mon-Sun: 8:00am - 7:00pm",
    "website": "",
    "isPremium": false,
    "reviewCount": 1,
    "rating": 3.9
  },
  {
    "name": "Garden Lane Launderette & Internet Cafe",
    "address": "Garden Lane, Chester, CH1 4EW",
    "city": "Chester",
    "lat": 53.1950,
    "lng": -2.8800,
    "features": ["Full Service", "Duvet Cleaning", "Alterations", "Internet Cafe"],
    "openingHours": "Mon-Fri: 8:00am - 6:00pm, Sat: 8:00am - 5:00pm, Sun: Closed",
    "website": "http://www.launderettechester.co.uk/",
    "isPremium": true,
    "reviewCount": 12,
    "rating": 4.2
  },
  {
    "name": "Fresh Laundry (Charles St)",
    "address": "10 Charles St, Hoole, Chester, CH2 3AZ",
    "city": "Chester",
    "lat": 53.2030,
    "lng": -2.8710,
    "features": ["Service Wash", "Ironing", "Duvet Cleaning", "Self-Service"],
    "openingHours": "Mon-Sat: 8:00am - 5:00pm, Sun: 9:00am - 4:00pm",
    "website": "https://www.fresh-laundry.com/",
    "isPremium": true,
    "reviewCount": 8,
    "rating": 5.0
  },
  {
    "name": "Love2Laundry Chester (Collection/Delivery)",
    "address": "Servicing CH postcodes (Virtual Listing)",
    "city": "Chester",
    "lat": 53.1900,
    "lng": -2.8900,
    "features": ["Collection/Delivery", "24hr Turnaround", "App Service", "Dry Cleaning"],
    "openingHours": "24/7 Booking",
    "website": "https://www.love2laundry.com/",
    "isPremium": true,
    "reviewCount": 15,
    "rating": 4.6
  },
  {
    "name": "Monogram Laundry (Dicksons Drive)",
    "address": "93 Dicksons Drive, Chester, CH2 2BT",
    "city": "Chester",
    "lat": 53.2080,
    "lng": -2.8950,
    "features": ["Pick Up & Delivery", "Family Run", "Vulnerable Customer Support"],
    "openingHours": "Mon-Fri: 9:00am - 5:00pm, Sat: 9:00am - 1:00pm, Sun: Closed",
    "website": "https://www.monogramchester.com/",
    "isPremium": true,
    "reviewCount": 10,
    "rating": 4.9
  },
  {
    "name": "Town & Country Dry Cleaners",
    "address": "143 Hoole Lane, Chester, CH2 3AP",
    "city": "Chester",
    "lat": 53.1970,
    "lng": -2.8680,
    "features": ["Dry Cleaning", "Laundry & Ironing", "Alterations", "Curtain Cleaning"],
    "openingHours": "Mon-Fri: 8:30am - 5:30pm, Sat: 9:00am - 2:00pm, Sun: Closed",
    "website": "https://www.townandcountrydrycleaners.co.uk/",
    "isPremium": false,
    "reviewCount": 7,
    "rating": 4.5
  },
  {
    "name": "Saltney Ferry Launderette",
    "address": "1C High Street, Saltney, Chester, CH4 8SH (Est)",
    "city": "Chester",
    "lat": 53.1810,
    "lng": -2.9300,
    "features": ["Self-Service", "Ironing Service", "Welsh Border"],
    "openingHours": "Mon-Fri: 8:30am - 5:00pm, Sat: 9:00am - 1:00pm, Sun: Closed",
    "website": "",
    "isPremium": false,
    "reviewCount": 3,
    "rating": 4.1
  },
  {
    "name": "Nantwich Launderette",
    "address": "29 Beam St, Nantwich, CW5 5NF (Est)",
    "city": "Chester",
    "lat": 53.0670,
    "lng": -2.5210,
    "features": ["Town Centre", "Service Wash", "Coin-Op"],
    "openingHours": "Mon-Sat: 8:00am - 6:00pm, Sun: Closed",
    "website": "",
    "isPremium": false,
    "reviewCount": 2,
    "rating": 3.9
  },
  {
    "name": "Ellesmere Port Launderette",
    "address": "18 Station Rd, Ellesmere Port, CH65 4AH (Est)",
    "city": "Chester",
    "lat": 53.2750,
    "lng": -2.9100,
    "features": ["Launderette", "Self-Service", "Industrial Area"],
    "openingHours": "Mon-Sun: 7:00am - 9:00pm",
    "website": "",
    "isPremium": false,
    "reviewCount": 4,
    "rating": 4.0
  },
  {
    "name": "Tarvin Launderette",
    "address": "High St, Tarvin, Chester, CH3 8EE (Est)",
    "city": "Chester",
    "lat": 53.2070,
    "lng": -2.7600,
    "features": ["Village Launderette", "Dry Cleaning Agent"],
    "openingHours": "Mon-Sat: 8:30am - 5:00pm, Sun: Closed",
    "website": "",
    "isPremium": false,
    "reviewCount": 1,
    "rating": 4.5
  },
  {
    "name": "Frodsham Launderette",
    "address": "2 Main St, Frodsham, WA6 7AP (Est)",
    "city": "Chester",
    "lat": 53.2850,
    "lng": -2.7310,
    "features": ["Town Focus", "Self-Service", "Coin-Op"],
    "openingHours": "Mon-Sun: 7:00am - 8:00pm",
    "website": "",
    "isPremium": false,
    "reviewCount": 3,
    "rating": 4.3
  },
  {
    "name": "Dolly Tub Launderette (Wrexham)",
    "address": "50 Penybryn, Wrexham, LL13 7HY",
    "city": "Wrexham",
    "lat": 53.0470,
    "lng": -3.0030,
    "features": ["Self-Service", "Service Wash", "Dry Cleaning", "Alterations"],
    "openingHours": "Mon-Fri: 9:00am - 6:00pm, Sat: 9:00am - 4:30pm, Sun: 9:00am - 3:00pm",
    "website": "http://dolly-tub.co.uk/",
    "isPremium": true,
    "reviewCount": 10,
    "rating": 4.5
  },
  {
    "name": "Borras Dry Cleaners & Launderette",
    "address": "15 Borras Park Rd, Wrexham, LL12 7TE (Est)",
    "city": "Wrexham",
    "lat": 53.0450,
    "lng": -2.9680,
    "features": ["Coin-Op Self-Service", "High Quality Wash", "Experienced Staff"],
    "openingHours": "Mon-Fri: 9:00am - 5:00pm, Sat: 9:00am - 1:00pm, Sun: Closed",
    "website": "https://www.borrasdrycleaners.com/",
    "isPremium": true,
    "reviewCount": 6,
    "rating": 4.0
  },
  {
    "name": "Love2Laundry Wrexham (Collection/Delivery)",
    "address": "Servicing LL11/LL13 postcodes (Virtual Listing)",
    "city": "Wrexham",
    "lat": 53.0500,
    "lng": -3.0000,
    "features": ["Collection/Delivery", "24hr Turnaround", "App Service", "Dry Cleaning"],
    "openingHours": "24/7 Booking",
    "website": "https://www.love2laundry.com/",
    "isPremium": true,
    "reviewCount": 8,
    "rating": 4.6
  },
  {
    "name": "Mrs. Robinson's Launderette (Rhosddu)",
    "address": "24 Rhosddu Rd, Wrexham, LL11 2NS",
    "city": "Wrexham",
    "lat": 53.0560,
    "lng": -3.0020,
    "features": ["Ironing & Laundry", "Fast & Friendly Service", "Local Focus"],
    "openingHours": "Mon-Sat: 9:00am - 5:00pm, Sun: Closed",
    "website": "https://www.mrsrobinsonslaundry.co.uk/",
    "isPremium": false,
    "reviewCount": 5,
    "rating": 4.5
  },
  {
    "name": "Rhos Launderette (Rhosllanerchrugog)",
    "address": "High St, Rhosllanerchrugog, LL14 2AL (Est)",
    "city": "Wrexham",
    "lat": 53.0200,
    "lng": -3.0500,
    "features": ["Village Focus", "Self-Service"],
    "openingHours": "Mon-Sun: 8:00am - 7:00pm",
    "website": "",
    "isPremium": false,
    "reviewCount": 2,
    "rating": 3.9
  },
  {
    "name": "Gresford Launderette",
    "address": "The Square, Gresford, Wrexham, LL12 8EA (Est)",
    "city": "Wrexham",
    "lat": 53.0780,
    "lng": -2.9600,
    "features": ["Village Launderette", "Service Wash (Partial)"],
    "openingHours": "Mon-Fri: 9:00am - 5:00pm, Sat: 9:00am - 1:00pm, Sun: Closed",
    "website": "",
    "isPremium": false,
    "reviewCount": 1,
    "rating": 4.2
  },
  {
    "name": "Chirk Launderette",
    "address": "2 Castle Rd, Chirk, LL14 5AE (Est)",
    "city": "Wrexham",
    "lat": 52.9300,
    "lng": -3.0580,
    "features": ["Border Town", "Self-Service", "Coin-Op"],
    "openingHours": "Mon-Sun: 7:00am - 8:00pm",
    "website": "",
    "isPremium": false,
    "reviewCount": 3,
    "rating": 4.0
  },
  {
    "name": "Llay Launderette",
    "address": "The Centre, Llay, Wrexham, LL12 0SN (Est)",
    "city": "Wrexham",
    "lat": 53.0800,
    "lng": -2.9750,
    "features": ["Local Focus", "Duvet Cleaning"],
    "openingHours": "Mon-Fri: 8:30am - 5:00pm, Sat: 9:00am - 1:00pm, Sun: Closed",
    "website": "",
    "isPremium": false,
    "reviewCount": 2,
    "rating": 3.7
  },
  {
    "name": "Holt Launderette",
    "address": "High St, Holt, Wrexham, LL13 9HG (Est)",
    "city": "Wrexham",
    "lat": 53.0640,
    "lng": -2.8870,
    "features": ["Border Village", "Self-Service"],
    "openingHours": "Mon-Sun: 7:00am - 8:00pm",
    "website": "",
    "isPremium": false,
    "reviewCount": 1,
    "rating": 4.0
  },
  {
    "name": "Oswestry Launderette (Agent Listing)",
    "address": "56A Upper Church Street, Oswestry, SY11 2AF (Agent)",
    "city": "Wrexham",
    "lat": 52.8580,
    "lng": -3.0560,
    "features": ["Dry Cleaning Agent", "Service Wash"],
    "openingHours": "Mon-Sat: 9:00am - 5:00pm, Sun: Closed",
    "website": "https://orchidlaundry.co.uk/",
    "isPremium": false,
    "reviewCount": 2,
    "rating": 3.5
  }
]
