[
  {
    "name": "Nether Edge Launderette",
    "address": "7 Nether Edge Road, Sheffield, S7 1RU",
    "city": "Sheffield",
    "lat": 53.3640,
    "lng": -1.4870,
    "features": ["Self-Service", "Attended", "Service Wash", "Dry Cleaning"],
    "openingHours": "Mon-Fri: 9:00am - 6:00pm, Sat: 9:30am - 5:00pm, Sun: 10:30am - 3:30pm",
    "website": "https://sheffielddrycleaning.co.uk/",
    "isPremium": false,
    "reviewCount": 15,
    "rating": 4.5
  },
  {
    "name": "The New City Road Laundry Service Ltd",
    "address": "716 City Rd, Sheffield, S2 1GJ",
    "city": "Sheffield",
    "lat": 53.3765,
    "lng": -1.4390,
    "features": ["Walk-In Service", "Wash and Fold", "Dry Cleaning", "Free Wi-Fi"],
    "openingHours": "Mon-Sat: 9:00am - 5:00pm (Last wash 3:30pm), Sun: Closed",
    "website": "https://www.newcityroadlaundry.co.uk/",
    "isPremium": true,
    "reviewCount": 12,
    "rating": 5.0
  },
  {
    "name": "Woodseats Launderette",
    "address": "819 Chesterfield Road, Woodseats, Sheffield, S8 0SQ",
    "city": "Sheffield",
    "lat": 53.3440,
    "lng": -1.4720,
    "features": ["Self-Service", "Attended", "Service Wash"],
    "openingHours": "Mon-Fri: 9:00am - 6:00pm, Sat: 9:30am - 5:00pm, Sun: 10:30am - 3:30pm",
    "website": "https://sheffielddrycleaning.co.uk/",
    "isPremium": false,
    "reviewCount": 8,
    "rating": 4.1
  },
  {
    "name": "Elements Laundry & Dry Cleaners (Sharrow)",
    "address": "6 Wostenholm Road, Sharrow, Sheffield, S7 1LJ",
    "city": "Sheffield",
    "lat": 53.3680,
    "lng": -1.4880,
    "features": ["Self-Service", "Commercial Linen Rental", "Dry Cleaning"],
    "openingHours": "Mon-Sat: 10:00am - 5:00pm, Sun: 11:00am - 4:00pm",
    "website": "https://www.elementsldc.co.uk/",
    "isPremium": true,
    "reviewCount": 18,
    "rating": 4.7
  },
  {
    "name": "Sparks L D C",
    "address": "855 Ecclesall Rd, Sheffield, S11 8TH",
    "city": "Sheffield",
    "lat": 53.3640,
    "lng": -1.5030,
    "features": ["Self-Service", "Dry Cleaning", "Laundry Service"],
    "openingHours": "Mon-Fri: 8:00am - 6:00pm, Sat: 9:00am - 5:00pm, Sun: Closed",
    "website": "https://www.sparksldc.co.uk/",
    "isPremium": false,
    "reviewCount": 2,
    "rating": 3.5
  },
  {
    "name": "Laundry Point Plus",
    "address": "104-106 Barber Rd, Sheffield, S10 1EE",
    "city": "Sheffield",
    "lat": 53.3910,
    "lng": -1.5000,
    "features": ["Express Service", "Commercial Laundry"],
    "openingHours": "Mon-Sat: 9:00am - 5:00pm, Sun: Closed",
    "website": "",
    "isPremium": false,
    "reviewCount": 6,
    "rating": 4.2
  },
  {
    "name": "Laundry Drive",
    "address": "7 Frank Wright Close, Sheffield, S2 3RE",
    "city": "Sheffield",
    "lat": 53.3710,
    "lng": -1.4600,
    "features": ["Dry Cleaning", "Free 24hr Delivery", "Same-Day Collection"],
    "openingHours": "Mon-Sun: 7:00am - 9:00pm",
    "website": "https://laundrydrive.co.uk/",
    "isPremium": true,
    "reviewCount": 3,
    "rating": 4.8
  },
  {
    "name": "Laundreams (Fox Hill)",
    "address": "273 Fox Hill Road, Sheffield, S6 1HG",
    "city": "Sheffield",
    "lat": 53.4210,
    "lng": -1.4920,
    "features": ["Launderette", "Dry Cleaners"],
    "openingHours": "Mon-Fri: 9:00am - 6:00pm, Sat-Sun: Closed",
    "website": "",
    "isPremium": false,
    "reviewCount": 4,
    "rating": 4.0
  },
  {
    "name": "Valley Cleaning Launderette",
    "address": "7 Hillsborough Rd, Sheffield, S6 4JL",
    "city": "Sheffield",
    "lat": 53.4070,
    "lng": -1.5170,
    "features": ["Launderette", "Self-Service", "Service Wash"],
    "openingHours": "Mon-Sat: 8:00am - 7:00pm, Sun: Closed",
    "website": "",
    "isPremium": false,
    "reviewCount": 5,
    "rating": 4.3
  },
  {
    "name": "Sharrow Launderette",
    "address": "45 Sharrow Vale Rd, Sheffield, S11 8ZB",
    "city": "Sheffield",
    "lat": 53.3670,
    "lng": -1.4910,
    "features": ["Self-Service", "Modern Machines", "Duvet Cleaning"],
    "openingHours": "Mon-Sun: 7:00am - 9:00pm",
    "website": "",
    "isPremium": false,
    "reviewCount": 10,
    "rating": 4.4
  },
  {
    "name": "The Laundry Room Headingley",
    "address": "9 North Ln, Headingley, Leeds, LS6 3HG",
    "city": "Leeds",
    "lat": 53.8240,
    "lng": -1.5790,
    "features": ["Self-Service", "Service Wash", "Duvet Cleaning", "Staffed"],
    "openingHours": "Mon-Fri: 8:00am - 7:00pm, Sat: 9:00am - 6:00pm, Sun: Closed",
    "website": "",
    "isPremium": true,
    "reviewCount": 25,
    "rating": 4.6
  },
  {
    "name": "Armley Launderette",
    "address": "200 Stanningley Rd, Armley, Leeds, LS12 3BP",
    "city": "Leeds",
    "lat": 53.8050,
    "lng": -1.5970,
    "features": ["Launderette", "Self-Service", "Service Wash"],
    "openingHours": "Mon-Sat: 9:00am - 6:00pm, Sun: Closed",
    "website": "",
    "isPremium": false,
    "reviewCount": 10,
    "rating": 4.1
  },
  {
    "name": "Headingley Laundry Centre",
    "address": "34 Otley Rd, Headingley, Leeds, LS6 2AD",
    "city": "Leeds",
    "lat": 53.8240,
    "lng": -1.5780,
    "features": ["Launderette", "Dry Cleaning Agent", "Ironing Service"],
    "openingHours": "Mon-Fri: 8:30am - 6:30pm, Sat: 9:00am - 5:00pm, Sun: Closed",
    "website": "",
    "isPremium": false,
    "reviewCount": 12,
    "rating": 4.4
  },
  {
    "name": "Horsforth Launderette",
    "address": "83 Town St, Horsforth, Leeds, LS18 5AP",
    "city": "Leeds",
    "lat": 53.8400,
    "lng": -1.6370,
    "features": ["Self-Service", "Service Wash", "Duvet Cleaning"],
    "openingHours": "Mon-Sat: 9:00am - 6:00pm, Sun: Closed",
    "website": "",
    "isPremium": false,
    "reviewCount": 5,
    "rating": 4.0
  },
  {
    "name": "Leeds City Laundry",
    "address": "16 Wellington St, Leeds, LS1 2DL",
    "city": "Leeds",
    "lat": 53.7970,
    "lng": -1.5520,
    "features": ["Commercial Laundry", "Dry Cleaning", "Central Location"],
    "openingHours": "Mon-Fri: 8:00am - 5:00pm, Sat-Sun: Closed",
    "website": "",
    "isPremium": true,
    "reviewCount": 8,
    "rating": 4.7
  },
  {
    "name": "LS29 Launderette (Ilkley)",
    "address": "4 Station Rd, Ilkley, Leeds, LS20 8AG",
    "city": "Leeds",
    "lat": 53.9310,
    "lng": -1.8250,
    "features": ["Self-Service", "Attended", "Duvet Cleaning"],
    "openingHours": "Mon-Sat: 9:00am - 5:00pm, Sun: Closed",
    "website": "",
    "isPremium": false,
    "reviewCount": 15,
    "rating": 4.5
  },
  {
    "name": "Meanwood Launderette",
    "address": "46 Green Rd, Meanwood, Leeds, LS6 4JS",
    "city": "Leeds",
    "lat": 53.8250,
    "lng": -1.5510,
    "features": ["Self-Service", "Large Machines"],
    "openingHours": "Mon-Sun: 7:00am - 9:00pm",
    "website": "",
    "isPremium": false,
    "reviewCount": 7,
    "rating": 4.2
  },
  {
    "name": "Burley Launderette",
    "address": "14 Burley Rd, Leeds, LS3 1JP",
    "city": "Leeds",
    "lat": 53.8010,
    "lng": -1.5710,
    "features": ["Self-Service", "Coin-Op", "Student Friendly"],
    "openingHours": "Mon-Sun: 6:00am - 11:00pm",
    "website": "",
    "isPremium": false,
    "reviewCount": 9,
    "rating": 4.0
  },
  {
    "name": "The Laundry Box",
    "address": "73 Easterly Rd, Leeds, LS8 3RQ",
    "city": "Leeds",
    "lat": 53.8120,
    "lng": -1.4920,
    "features": ["Service Wash", "Ironing", "Dry Cleaning"],
    "openingHours": "Mon-Fri: 9:00am - 5:00pm, Sat-Sun: Closed",
    "website": "",
    "isPremium": true,
    "reviewCount": 4,
    "rating": 4.8
  },
  {
    "name": "Kirkstall Launderette",
    "address": "51 Bridge Rd, Kirkstall, Leeds, LS5 3BW",
    "city": "Leeds",
    "lat": 53.8160,
    "lng": -1.6030,
    "features": ["Self-Service", "Attended", "Duvet Cleaning"],
    "openingHours": "Mon-Sat: 8:00am - 7:00pm, Sun: 10:00am - 4:00pm",
    "website": "",
    "isPremium": false,
    "reviewCount": 11,
    "rating": 4.3
  },
  {
    "name": "Globe Drycleaners & Launderers",
    "address": "37-39 Botanic Avenue, Belfast, BT7 1JG",
    "city": "Belfast",
    "lat": 54.5880,
    "lng": -5.9340,
    "features": ["Coin Operated Laundry", "Dry Cleaning", "Service Wash", "Commercial"],
    "openingHours": "Mon-Fri: 7:00am - 9:00pm, Sat: 7:00am - 6:00pm, Sun: 12:00pm - 6:00pm",
    "website": "https://globelaundry-drycleaners.com/",
    "isPremium": true,
    "reviewCount": 20,
    "rating": 4.0
  },
  {
    "name": "Spin City (City Centre)",
    "address": "38-40 Queen Street, Belfast, BT1 6EE",
    "city": "Belfast",
    "lat": 54.5960,
    "lng": -5.9320,
    "features": ["Self-Service", "Card & Cash Payments", "City Centre", "Modern"],
    "openingHours": "Mon-Sat: 8:00am - 7:00pm, Sun: 12:00pm - 5:00pm",
    "website": "https://www.spincitybelfast.co.uk/",
    "isPremium": false,
    "reviewCount": 15,
    "rating": 4.5
  },
  {
    "name": "Whistle Launderers & Dry Cleaners",
    "address": "254 Lisburn Rd, Belfast, BT9 6GH",
    "city": "Belfast",
    "lat": 54.5770,
    "lng": -5.9520,
    "features": ["Dry Cleaning", "Laundrette", "Ironing Services", "Linen Hire"],
    "openingHours": "Mon-Sat: 9:00am - 6:00pm, Sun: Closed",
    "website": "https://whistlecleaners.co.uk/",
    "isPremium": false,
    "reviewCount": 10,
    "rating": 5.0
  },
  {
    "name": "Washing Well (Cregagh Rd)",
    "address": "152 Cregagh Rd, Belfast, BT6 9ET",
    "city": "Belfast",
    "lat": 54.5840,
    "lng": -5.8970,
    "features": ["Launderette", "Service Wash", "Dry Cleaning"],
    "openingHours": "Mon-Sat: 9:00am - 6:00pm, Sun: Closed",
    "website": "",
    "isPremium": false,
    "reviewCount": 1,
    "rating": 5.0
  },
  {
    "name": "Breeze Drycleaner & Launderette",
    "address": "Unit 4 471-473 Antrim Rd, Belfast, BT15 3BP",
    "city": "Belfast",
    "lat": 54.6180,
    "lng": -5.9320,
    "features": ["Dry Cleaners", "Launderette", "Stain Removal"],
    "openingHours": "Mon-Sat: 9:00am - 6:00pm, Sun: Closed",
    "website": "",
    "isPremium": false,
    "reviewCount": 8,
    "rating": 4.3
  },
  {
    "name": "EasyIron Laundry & Ironing",
    "address": "3 Dunmore Avenue, Belfast, BT15 3GR",
    "city": "Belfast",
    "lat": 54.6130,
    "lng": -5.9340,
    "features": ["Launderette", "Ironing Service", "Collection & Delivery"],
    "openingHours": "Mon-Sat: 9:00am - 5:00pm, Sun: Closed",
    "website": "",
    "isPremium": true,
    "reviewCount": 5,
    "rating": 4.0
  },
  {
    "name": "Spotless Launderette & Dry Cleaning",
    "address": "91a Belmont Church Rd, Belfast, BT4 3FG",
    "city": "Belfast",
    "lat": 54.5940,
    "lng": -5.8750,
    "features": ["Launderette", "Dry Cleaning", "Local Service"],
    "openingHours": "Mon-Sat: 9:00am - 6:00pm, Sun: Closed",
    "website": "",
    "isPremium": false,
    "reviewCount": 7,
    "rating": 4.5
  },
  {
    "name": "All Washed Up Laundry",
    "address": "10 Lisburn Rd, Belfast, BT9 6AA (Collection Hub)",
    "city": "Belfast",
    "lat": 54.5830,
    "lng": -5.9350,
    "features": ["Collection & Delivery", "Dry Cleaning", "Eco-Friendly Cleaning"],
    "openingHours": "Mon-Fri: 9:30am - 1:00pm (Collection/Delivery)",
    "website": "https://www.allwashedup.co.uk/",
    "isPremium": true,
    "reviewCount": 10,
    "rating": 4.8
  },
  {
    "name": "Lisburn Washeteria",
    "address": "49 Bridge St, Lisburn, BT28 1XW (Near Belfast)",
    "city": "Belfast",
    "lat": 54.5150,
    "lng": -6.0400,
    "features": ["Launderette", "Service Wash", "Duvets"],
    "openingHours": "Mon-Sat: 8:00am - 7:00pm, Sun: Closed",
    "website": "",
    "isPremium": false,
    "reviewCount": 6,
    "rating": 4.4
  },
  {
    "name": "Churchills Exclusive Drycleaners",
    "address": "160 Lisburn Road, Belfast, BT9 6AJ",
    "city": "Belfast",
    "lat": 54.5800,
    "lng": -5.9400,
    "features": ["Dry Cleaning", "Wedding Dress Specialist", "Alterations"],
    "openingHours": "Mon-Fri: 9:00am - 9:00pm, Sat: 9:00am - 6:00pm, Sun: Closed",
    "website": "",
    "isPremium": true,
    "reviewCount": 12,
    "rating": 4.6
  }
]
