[
  {
    "name": "Impressed Launderette",
    "address": "54 Holmfield Road, Blackpool, FY2 9RU",
    "city": "Blackpool",
    "lat": 53.8345,
    "lng": -3.0455,
    "features": ["Wash, Dry, Iron", "Commercial Laundry", "Dry Cleaning", "Collection/Delivery"],
    "openingHours": "Mon-Fri: 9:00am - 5:00pm, Sat: 9:00am - 1:00pm, Sun: Closed",
    "website": "http://impressedblackpool.co.uk/",
    "isPremium": true,
    "reviewCount": 15,
    "rating": 4.8
  },
  {
    "name": "Viking Laundry & Dry Cleaning",
    "address": "52-54 Dickson Road, Blackpool, FY1 2AD (Est)",
    "city": "Blackpool",
    "lat": 53.8270,
    "lng": -3.0560,
    "features": ["Hotels/Guesthouses Specialist", "Service Washes", "Ironing", "Ugg Boot Cleaning"],
    "openingHours": "Mon-Fri: 8:00am - 5:00pm, Sat: 8:00am - 1:00pm, Sun: Closed",
    "website": "https://vikinglaundryblackpool.co.uk/",
    "isPremium": true,
    "reviewCount": 20,
    "rating": 4.9
  },
  {
    "name": "Love2Laundry Blackpool (Collection/Delivery)",
    "address": "Servicing FY postcodes (Virtual Listing)",
    "city": "Blackpool",
    "lat": 53.8250,
    "lng": -3.0500,
    "features": ["Collection/Delivery", "24hr Turnaround", "App Service", "Dry Cleaning"],
    "openingHours": "24/7 Booking",
    "website": "https://www.love2laundry.com/",
    "isPremium": true,
    "reviewCount": 18,
    "rating": 4.6
  },
  {
    "name": "Lytham Road Launderette",
    "address": "320 Lytham Road, Blackpool, FY1 6EY",
    "city": "Blackpool",
    "lat": 53.7990,
    "lng": -3.0510,
    "features": ["Coin-Op", "Dry Cleaning Agent", "Long Established"],
    "openingHours": "Mon-Fri: 9:00am - 5:00pm, Sat-Sun: 10:00am - 3:00pm",
    "website": "https://www.yell.com/biz/lytham-road-launderette-blackpool-9334557/",
    "isPremium": false,
    "reviewCount": 10,
    "rating": 4.0
  },
  {
    "name": "Central Dry Cleaning & Launderette",
    "address": "152 Central Drive, Blackpool, FY1 5EA",
    "city": "Blackpool",
    "lat": 53.8180,
    "lng": -3.0530,
    "features": ["Dry Cleaning", "Launderette", "Alterations", "City Centre"],
    "openingHours": "Mon-Fri: 10:00am - 5:30pm, Sat-Sun: Closed",
    "website": "https://www.yell.com/biz/central-dry-cleaning-blackpool-9491717/",
    "isPremium": false,
    "reviewCount": 6,
    "rating": 4.5
  },
  {
    "name": "Lynn's Laundry",
    "address": "76 Whitegate Drive, Blackpool, FY3 9DA",
    "city": "Blackpool",
    "lat": 53.8200,
    "lng": -3.0300,
    "features": ["Launderette", "Service Wash", "Ironing", "Duvet Cleaning"],
    "openingHours": "Mon-Sun: 9:00am - 6:00pm",
    "website": "https://www.yell.com/biz/lynn-s-laundry-blackpool-4618066/",
    "isPremium": false,
    "reviewCount": 12,
    "rating": 3.3
  },
  {
    "name": "Whirlpool Laundry (Devonshire Rd)",
    "address": "304 Devonshire Rd, Blackpool, FY2 0TW",
    "city": "Blackpool",
    "lat": 53.8370,
    "lng": -3.0400,
    "features": ["Long Established (Since 1969)", "Self-Service", "Free Local Collection"],
    "openingHours": "Mon-Sun: 8:00am - 4:00pm",
    "website": "https://www.yell.com/biz/whirlpool-laundry-blackpool-3921008/",
    "isPremium": false,
    "reviewCount": 5,
    "rating": 4.2
  },
  {
    "name": "Central Wash (Central Drive)",
    "address": "150 Central Drive, Blackpool, FY1 5EA",
    "city": "Blackpool",
    "lat": 53.8180,
    "lng": -3.0540,
    "features": ["Launderette", "Commercial Service", "Hotels/Guest Houses Specialist"],
    "openingHours": "Mon-Sun: 8:30am - 5:30pm",
    "website": "https://www.yell.com/biz/central-wash-blackpool-10022312/",
    "isPremium": false,
    "reviewCount": 4,
    "rating": 5.0
  },
  {
    "name": "Bispham Launderette",
    "address": "10 Red Bank Rd, Bispham, FY2 9HZ (Est)",
    "city": "Blackpool",
    "lat": 53.8500,
    "lng": -3.0500,
    "features": ["Town Focus", "Service Wash", "Duvet Cleaning"],
    "openingHours": "Mon-Sat: 8:30am - 5:00pm, Sun: Closed",
    "website": "",
    "isPremium": false,
    "reviewCount": 3,
    "rating": 4.1
  },
  {
    "name": "Cleveleys Launderette",
    "address": "1 Victoria Rd, Cleveleys, FY5 1BJ (Est)",
    "city": "Blackpool",
    "lat": 53.8740,
    "lng": -3.0430,
    "features": ["Coastal Town", "Self-Service", "Dry Cleaning Agent"],
    "openingHours": "Mon-Sun: 7:00am - 9:00pm",
    "website": "",
    "isPremium": false,
    "reviewCount": 2,
    "rating": 4.3
  },
  {
    "name": "Lancaster City Laundry (King St)",
    "address": "10 King Street, Lancaster, LA1 1JN",
    "city": "Lancaster",
    "lat": 54.0490,
    "lng": -2.8020,
    "features": ["Full Laundry Service", "Ironing", "Dry Cleaning", "City Centre"],
    "openingHours": "Mon-Fri: 8:00am - 5:00pm, Sat: 8:00am - 1:00pm, Sun: Closed",
    "website": "https://www.lancasterlaundry.co.uk/",
    "isPremium": true,
    "reviewCount": 10,
    "rating": 4.7
  },
  {
    "name": "Love2Laundry Lancaster (Collection/Delivery)",
    "address": "Servicing LA postcodes (Virtual Listing)",
    "city": "Lancaster",
    "lat": 54.0500,
    "lng": -2.8000,
    "features": ["Collection/Delivery", "24hr Turnaround", "App Service", "Dry Cleaning"],
    "openingHours": "24/7 Booking",
    "website": "https://www.love2laundry.com/",
    "isPremium": true,
    "reviewCount": 8,
    "rating": 4.6
  },
  {
    "name": "The Washing Basket (Aldcliffe Place)",
    "address": "1a Aldcliffe Place, Lancaster, LA1 1SS",
    "city": "Lancaster",
    "lat": 54.0460,
    "lng": -2.8030,
    "features": ["Service Washes", "Bed Linen Cleaning", "Duvet Cleaning"],
    "openingHours": "Mon-Fri: 9:00am - 4:00pm, Sat: 9:00am - 1:00pm, Sun: Closed",
    "website": "https://www.yell.com/biz/the-washing-basket-lancaster-10479349/",
    "isPremium": false,
    "reviewCount": 5,
    "rating": 4.3
  },
  {
    "name": "Bare Launderette (Morecambe)",
    "address": "25a Princes Crescent, Morecambe, LA4 6BY",
    "city": "Lancaster",
    "lat": 54.0670,
    "lng": -2.8680,
    "features": ["Self-Service", "Service Wash", "Free Collection/Delivery", "Coastal Focus"],
    "openingHours": "Mon-Sun: 8:00am - 5:00pm",
    "website": "https://lancasterlaunderette.co.uk/",
    "isPremium": true,
    "reviewCount": 7,
    "rating": 4.8
  },
  {
    "name": "Supreme Dry Cleaners (Penny St)",
    "address": "73 Penny Street, Lancaster, LA1 1XF",
    "city": "Lancaster",
    "lat": 54.0480,
    "lng": -2.7990,
    "features": ["Dry Cleaning", "Repairs/Alterations", "Linen Hire"],
    "openingHours": "Mon-Fri: 8:30am - 5:30pm, Sat: 9:00am - 1:00pm, Sun: Closed",
    "website": "https://www.supreme-drycleaners.co.uk/",
    "isPremium": false,
    "reviewCount": 5,
    "rating": 4.4
  },
  {
    "name": "University Launderette (Grizedale)",
    "address": "Grizedale College, Bailrigg, Lancaster, LA1 4YU",
    "city": "Lancaster",
    "lat": 54.0040,
    "lng": -2.7840,
    "features": ["Student Focus", "24/7 Access", "App Payment"],
    "openingHours": "24/7",
    "website": "https://circuit.co.uk/",
    "isPremium": false,
    "reviewCount": 3,
    "rating": 5.0
  },
  {
    "name": "Carnforth Launderette",
    "address": "2 Market St, Carnforth, LA5 9LZ (Est)",
    "city": "Lancaster",
    "lat": 54.1030,
    "lng": -2.7800,
    "features": ["Town Focus", "Self-Service", "Duvet Cleaning"],
    "openingHours": "Mon-Sun: 7:00am - 9:00pm",
    "website": "",
    "isPremium": false,
    "reviewCount": 2,
    "rating": 3.9
  },
  {
    "name": "Garstang Launderette",
    "address": "High St, Garstang, PR3 1BS (Est)",
    "city": "Lancaster",
    "lat": 53.9100,
    "lng": -2.7700,
    "features": ["Village Launderette", "Service Wash"],
    "openingHours": "Mon-Sat: 9:00am - 5:00pm, Sun: Closed",
    "website": "",
    "isPremium": false,
    "reviewCount": 1,
    "rating": 4.2
  },
  {
    "name": "Morecambe Launderette (West End)",
    "address": "20 Heysham Rd, Morecambe, LA3 1BT (Est)",
    "city": "Lancaster",
    "lat": 54.0680,
    "lng": -2.8800,
    "features": ["Coastal Focus", "Coin-Op"],
    "openingHours": "Mon-Sun: 8:00am - 7:00pm",
    "website": "",
    "isPremium": false,
    "reviewCount": 4,
    "rating": 4.0
  },
  {
    "name": "Kirkby Lonsdale Laundry",
    "address": "Main Street, Kirkby Lonsdale, LA6 2AE (Est)",
    "city": "Lancaster",
    "lat": 54.2000,
    "lng": -2.5900,
    "features": ["Rural/Tourist Focus", "Duvet/Sleeping Bag Cleaning"],
    "openingHours": "Mon-Fri: 9:00am - 4:00pm, Sat-Sun: Closed",
    "website": "",
    "isPremium": false,
    "reviewCount": 1,
    "rating": 4.5
  },
  {
    "name": "Ripon Laundrette (North St)",
    "address": "12 North St, Ripon, HG4 1JY",
    "city": "Ripon",
    "lat": 54.1370,
    "lng": -1.5280,
    "features": ["Service Wash", "Drying/Folding", "Long Established (60+ years)"],
    "openingHours": "Mon-Fri: 9:00am - 6:00pm, Sat: 9:00am - 6:00pm, Sun: Closed",
    "website": "https://visitripon.co.uk/business-directory/ripon-laundrette/",
    "isPremium": true,
    "reviewCount": 5,
    "rating": 4.8
  },
  {
    "name": "Prontaclean Harrogate (Agent)",
    "address": "40 Cold Bath Rd, Harrogate, HG2 0NX",
    "city": "Ripon",
    "lat": 53.9890,
    "lng": -1.5420,
    "features": ["Dry Cleaning", "Tailoring", "Ironing", "Duvet Cleaning"],
    "openingHours": "Mon-Fri: 8:30am - 5:30pm, Sat: 9:00am - 1:00pm, Sun: Closed",
    "website": "https://www.yell.com/biz/prontaclean-harrogate-10250000/",
    "isPremium": false,
    "reviewCount": 5,
    "rating": 5.0
  },
  {
    "name": "Leeds Road Laundry (Harrogate)",
    "address": "32a Leeds Rd, Harrogate, HG2 8BQ",
    "city": "Ripon",
    "lat": 53.9880,
    "lng": -1.5270,
    "features": ["Self-Service", "Free WiFi", "Same-Day Collection/Delivery"],
    "openingHours": "Mon-Sun: 8:00am - 8:00pm",
    "website": "https://www.yell.com/biz/leeds-road-laundry-harrogate-7901768/",
    "isPremium": true,
    "reviewCount": 10,
    "rating": 4.5
  },
  {
    "name": "K&A Launderette (Ripon)",
    "address": "30a North St, Ripon, HG4 1HJ",
    "city": "Ripon",
    "lat": 54.1360,
    "lng": -1.5270,
    "features": ["Launderette", "Quick Turnaround", "Dry Cleaning Agent"],
    "openingHours": "Mon-Sat: 9:00am - 5:00pm, Sun: Closed",
    "website": "https://www.yell.com/biz/k-and-a-launderette-ripon-10243469/",
    "isPremium": false,
    "reviewCount": 4,
    "rating": 4.0
  },
  {
    "name": "Give It A Whirl (Knaresborough)",
    "address": "2 Cheapside, Knaresborough, HG5 8AX",
    "city": "Ripon",
    "lat": 54.0040,
    "lng": -1.4500,
    "features": ["Launderette", "Self-Service", "Coin-Op"],
    "openingHours": "Mon-Fri: 8:30am - 5:00pm, Sat: 8:30am - 1:00pm, Sun: Closed",
    "website": "https://www.yell.com/biz/give-it-a-whirl-knaresborough-10255554/",
    "isPremium": false,
    "reviewCount": 5,
    "rating": 4.2
  },
  {
    "name": "Thirsk Ironing & Laundry Service",
    "address": "4 Hill Crest, Thirsk, YO7 4JJ",
    "city": "Ripon",
    "lat": 54.2250,
    "lng": -1.3500,
    "features": ["Ironing Service", "Laundry", "Collection/Delivery"],
    "openingHours": "Mon-Fri: 9:00am - 9:00pm, Sat-Sun: Closed",
    "website": "https://www.yell.com/biz/yorkshire-ironing-service-thirsk-8406560/",
    "isPremium": false,
    "reviewCount": 8,
    "rating": 5.0
  },
  {
    "name": "Boroughbridge Launderette",
    "address": "15 High St, Boroughbridge, YO51 9AE (Est)",
    "city": "Ripon",
    "lat": 54.0950,
    "lng": -1.3900,
    "features": ["Town Focus", "Self-Service", "Service Wash"],
    "openingHours": "Mon-Sat: 8:00am - 6:00pm, Sun: Closed",
    "website": "",
    "isPremium": false,
    "reviewCount": 3,
    "rating": 4.1
  },
  {
    "name": "Masham Launderette",
    "address": "Little Market Place, Masham, HG4 4BT (Est)",
    "city": "Ripon",
    "lat": 54.2150,
    "lng": -1.6500,
    "features": ["Village Launderette", "Tourist Focus"],
    "openingHours": "Mon-Sun: 8:00am - 7:00pm",
    "website": "",
    "isPremium": false,
    "reviewCount": 1,
    "rating": 4.5
  },
  {
    "name": "Wetherby Launderette",
    "address": "10 North St, Wetherby, LS22 6NN (Est)",
    "city": "Ripon",
    "lat": 53.9260,
    "lng": -1.3800,
    "features": ["Town Focus", "Dry Cleaning Agent"],
    "openingHours": "Mon-Fri: 8:30am - 6:00pm, Sat: 8:30am - 1:00pm, Sun: Closed",
    "website": "",
    "isPremium": false,
    "reviewCount": 2,
    "rating": 4.0
  },
  {
    "name": "Starbeck Launderette (Harrogate)",
    "address": "5 Knaresborough Rd, Starbeck, HG2 7SA (Est)",
    "city": "Ripon",
    "lat": 54.0040,
    "lng": -1.5000,
    "features": ["Self-Service", "Local Service"],
    "openingHours": "Mon-Sun: 7:00am - 8:00pm",
    "website": "",
    "isPremium": false,
    "reviewCount": 3,
    "rating": 3.8
  }
]
