[
  {
    "name": "The Launderette SW8",
    "address": "137 South Lambeth Rd, London, SW8 1XB",
    "city": "London",
    "lat": 51.4790,
    "lng": -0.1230,
    "features": ["Self-Service", "Drop-Off Wash", "Ironing Service", "Linen Hire"],
    "openingHours": "Mon-Sun: 7:00am - 9:30pm",
    "website": "https://www.thelaunderettesw8.co.uk/",
    "isPremium": false,
    "reviewCount": 10,
    "rating": 4.2
  },
  {
    "name": "Amesbury Laundrette & Dry Cleaners",
    "address": "256 Amesbury Avenue, London, SW2 3BL",
    "city": "London",
    "lat": 51.4420,
    "lng": -0.1340,
    "features": ["Self-Service", "Service Wash", "Dry Cleaning", "Alterations"],
    "openingHours": "Mon-Fri: 9:00am - 7:00pm, Sat: 9:00am - 5:00pm, Sun: Closed",
    "website": "https://www.amesburylaundrette.co.uk/",
    "isPremium": false,
    "reviewCount": 8,
    "rating": 4.5
  },
  {
    "name": "Boswell Laundrette",
    "address": "23 Boswell St, Bloomsbury, London, WC1N 3BW",
    "city": "London",
    "lat": 51.5220,
    "lng": -0.1220,
    "features": ["Service Wash", "Express Service", "Collection & Delivery", "Dry Cleaning"],
    "openingHours": "Mon-Sun: 8:00am - 8:00pm",
    "website": "https://boswelllaundrette.com/",
    "isPremium": true,
    "reviewCount": 15,
    "rating": 4.6
  },
  {
    "name": "1 Stop Wash Launderette & Drycleaner",
    "address": "100 Caledonian Rd, London, N1 9DN",
    "city": "London",
    "lat": 51.5350,
    "lng": -0.1160,
    "features": ["Eco-Friendly", "Wash & Fold", "Free Pickup & Delivery"],
    "openingHours": "Mon-Fri: 7:30am - 8:30pm, Sat-Sun: 9:00am - 7:00pm",
    "website": "https://1stopwash.com/",
    "isPremium": true,
    "reviewCount": 35,
    "rating": 4.8
  },
  {
    "name": "Notting Hill Gate Launderette",
    "address": "150 Notting Hill Gate, London, W11 3QG",
    "city": "London",
    "lat": 51.5090,
    "lng": -0.1970,
    "features": ["Self-Service", "Staffed", "Dry Cleaning", "Duvet Service"],
    "openingHours": "Mon-Sat: 8:00am - 7:00pm, Sun: 10:00am - 4:00pm",
    "website": "https://www.nhglaunderette.co.uk/",
    "isPremium": false,
    "reviewCount": 20,
    "rating": 4.1
  },
  {
    "name": "Pimlico Wash & Dry",
    "address": "30 Lupus St, London, SW1V 3EL",
    "city": "London",
    "lat": 51.4890,
    "lng": -0.1340,
    "features": ["Self-Service", "Service Wash", "Ironing"],
    "openingHours": "Mon-Fri: 8:00am - 6:00pm, Sat: 9:00am - 5:00pm, Sun: Closed",
    "website": "",
    "isPremium": false,
    "reviewCount": 12,
    "rating": 3.9
  },
  {
    "name": "The Wash House Shoreditch",
    "address": "10-12 Hackney Rd, London, E2 7SJ",
    "city": "London",
    "lat": 51.5280,
    "lng": -0.0760,
    "features": ["Self-Service", "Dry Cleaning", "Large Capacity Machines"],
    "openingHours": "Mon-Sun: 7:00am - 10:00pm",
    "website": "http://www.thewashhouse.com/",
    "isPremium": false,
    "reviewCount": 9,
    "rating": 4.0
  },
  {
    "name": "Wandsworth Launderette",
    "address": "88 Old York Rd, London, SW18 1TG",
    "city": "London",
    "lat": 51.4580,
    "lng": -0.1900,
    "features": ["Self-Service", "Service Wash", "Fast Turnaround"],
    "openingHours": "Mon-Sat: 8:30am - 6:30pm, Sun: Closed",
    "website": "",
    "isPremium": false,
    "reviewCount": 18,
    "rating": 4.4
  },
  {
    "name": "Kilburn Laundrette",
    "address": "300 Kilburn High Rd, London, NW6 2DN",
    "city": "London",
    "lat": 51.5470,
    "lng": -0.2030,
    "features": ["Self-Service", "Service Wash", "Duvet Service", "Alterations"],
    "openingHours": "Mon-Sun: 7:00am - 10:00pm",
    "website": "",
    "isPremium": false,
    "reviewCount": 22,
    "rating": 4.2
  },
  {
    "name": "The Launderette Fulham",
    "address": "8 Munster Rd, London, SW6 4HS",
    "city": "London",
    "lat": 51.4820,
    "lng": -0.1950,
    "features": ["Self-Service", "Dry Cleaning", "Pick-up Service"],
    "openingHours": "Mon-Sat: 8:00am - 7:00pm, Sun: 9:00am - 4:00pm",
    "website": "http://www.thelaunderettefulham.co.uk/",
    "isPremium": false,
    "reviewCount": 14,
    "rating": 4.5
  },
  {
    "name": "Bandbox Laundry (Hathersage Rd)",
    "address": "72 Hathersage Rd, Manchester M13 0FN",
    "city": "Manchester",
    "lat": 53.4500,
    "lng": -2.2210,
    "features": ["Self-Service", "Wash & Iron", "Dry Cleaning", "Same Day Service"],
    "openingHours": "Mon-Sat: 9:00am - 9:00pm, Sun: 10:00am - 8:00pm",
    "website": "https://bandboxlaundry.com/",
    "isPremium": true,
    "reviewCount": 20,
    "rating": 4.7
  },
  {
    "name": "Granada Dry Cleaners",
    "address": "71-73 Bridge St, Deansgate, Manchester, M3 2RH",
    "city": "Manchester",
    "lat": 53.4840,
    "lng": -2.2450,
    "features": ["Dry Cleaning", "Service Wash", "40+ Years Experience"],
    "openingHours": "Mon-Fri: 9:00am - 6:00pm, Sat-Sun: Closed",
    "website": "https://www.granadadrycleaners.co.uk/",
    "isPremium": false,
    "reviewCount": 7,
    "rating": 4.1
  },
  {
    "name": "3D Laundry",
    "address": "78 Stockport Rd, Manchester, M12 6AL",
    "city": "Manchester",
    "lat": 53.4570,
    "lng": -2.2150,
    "features": ["Dry Cleaning", "Onsite Alterations & Repairs", "Same Day Returns"],
    "openingHours": "Mon-Sat: 9:00am - 7:00pm, Sun: Closed",
    "website": "",
    "isPremium": false,
    "reviewCount": 15,
    "rating": 4.8
  },
  {
    "name": "The Clean Machine Launderette & Dry Cleaners",
    "address": "120 Withington Rd, Manchester, M16 8FA",
    "city": "Manchester",
    "lat": 53.4470,
    "lng": -2.2460,
    "features": ["Launderette", "Dry Cleaners", "Self-Service"],
    "openingHours": "Mon-Sun: 8:00am - 6:00pm",
    "website": "",
    "isPremium": false,
    "reviewCount": 4,
    "rating": 4.0
  },
  {
    "name": "Atlas Launderette Dry Cleaning & Tailoring",
    "address": "Unit 1, 10b Wilmslow Rd, Manchester, M14 5TP",
    "city": "Manchester",
    "lat": 53.4450,
    "lng": -2.2310,
    "features": ["Self-Service", "Dry Cleaning", "Tailoring Services", "Service Wash"],
    "openingHours": "Mon-Sat: 9:00am - 7:00pm, Sun: Closed",
    "website": "",
    "isPremium": false,
    "reviewCount": 1,
    "rating": 5.0
  },
  {
    "name": "Amazing Grace Launderette",
    "address": "668 Rochdale Rd, Manchester, M9 5TT",
    "city": "Manchester",
    "lat": 53.5130,
    "lng": -2.2220,
    "features": ["Self-Service", "Laundry Service"],
    "openingHours": "Mon-Sat: 9:00am - 6:00pm, Sun: Closed",
    "website": "",
    "isPremium": false,
    "reviewCount": 3,
    "rating": 4.3
  },
  {
    "name": "The Laundrette (Ashton Old Rd)",
    "address": "1406 Ashton Old Rd, Manchester, M11 1HL",
    "city": "Manchester",
    "lat": 53.4730,
    "lng": -2.1520,
    "features": ["Self-Service", "Drop-Off Service"],
    "openingHours": "Mon-Sun: 7:00am - 10:00pm",
    "website": "",
    "isPremium": false,
    "reviewCount": 1,
    "rating": 5.0
  },
  {
    "name": "The Blue Dolphin Launderette",
    "address": "76C Davyhulme Road, Urmston, Manchester M41 7DN",
    "city": "Manchester",
    "lat": 53.4390,
    "lng": -2.3530,
    "features": ["Self-Service", "Dry Cleaning", "Duvet Service"],
    "openingHours": "Mon-Fri: 8:00am - 7:00pm, Sat: 9:00am - 5:00pm, Sun: Closed",
    "website": "",
    "isPremium": false,
    "reviewCount": 5,
    "rating": 4.4
  },
  {
    "name": "Babbs Bubbles",
    "address": "211 Eccles Old Rd, Salford, Manchester, M6 8HA",
    "city": "Manchester",
    "lat": 53.4880,
    "lng": -2.3100,
    "features": ["Self-Service", "Service Wash", "Pick-up & Delivery"],
    "openingHours": "Mon-Sat: 9:00am - 6:00pm, Sun: Closed",
    "website": "",
    "isPremium": false,
    "reviewCount": 4,
    "rating": 4.0
  },
  {
    "name": "Fallowfield Laundry Centre",
    "address": "302 Platt Ln, Fallowfield, Manchester M14 7BZ",
    "city": "Manchester",
    "lat": 53.4470,
    "lng": -2.2210,
    "features": ["Self-Service", "Service Wash"],
    "openingHours": "Mon-Sun: 9:00am - 9:00pm",
    "website": "",
    "isPremium": false,
    "reviewCount": 6,
    "rating": 4.2
  },
  {
    "name": "Majestic Laundrette",
    "address": "1110 Argyle St, Glasgow G3 8TD (Est)",
    "city": "Glasgow",
    "lat": 55.8610,
    "lng": -4.2790,
    "features": ["Self-Serve Coin-Op", "Service Wash", "Dry Cleaning", "Commercial Laundry"],
    "openingHours": "Mon-Fri: 9:00am - 5:00pm, Sat: 9:00am - 4:00pm, Sun: Closed",
    "website": "http://www.majesticlaundrette.co.uk/",
    "isPremium": true,
    "reviewCount": 18,
    "rating": 4.5
  },
  {
    "name": "Park Road Laundrette",
    "address": "14 Park Road, Glasgow, G4 9JG",
    "city": "Glasgow",
    "lat": 55.8740,
    "lng": -4.2880,
    "features": ["Self-Service", "Service Wash", "Ironing Service", "Pick-up & Delivery", "Eco-Friendly Machines"],
    "openingHours": "Mon-Thu: 8:00am - 8:00pm, Fri: 8:00am - 6:00pm, Sat: 9:00am - 5:00pm, Sun: 10:00am - 4:00pm",
    "website": "https://www.laundretteglasgow.co.uk/",
    "isPremium": false,
    "reviewCount": 25,
    "rating": 4.7
  },
  {
    "name": "Laundry Hut",
    "address": "423 Gallowgate, Glasgow, G40 2DY",
    "city": "Glasgow",
    "lat": 55.8558,
    "lng": -4.2285,
    "features": ["Self-Service", "Dry Cleaning", "Ironing", "Duvet Service"],
    "openingHours": "Mon-Fri: 8:00am - 6:00pm, Sat: 10:00am - 4:00pm, Sun: Closed",
    "website": "https://www.laundryhut.co.uk",
    "isPremium": false,
    "reviewCount": 15,
    "rating": 4.3
  },
  {
    "name": "VIP Dry Cleaning Laundry & Ironing",
    "address": "247 Great Western Rd, Glasgow, G4 9EG",
    "city": "Glasgow",
    "lat": 55.8730,
    "lng": -4.2790,
    "features": ["Launderette", "Dry Cleaning", "Ironing", "Express Service"],
    "openingHours": "Mon-Fri: 8:30am - 6:30pm, Sat: 9:00am - 5:00pm, Sun: Closed",
    "website": "",
    "isPremium": false,
    "reviewCount": 5,
    "rating": 4.0
  },
  {
    "name": "Crease Laundry Services",
    "address": "500 Cathcart Rd, Glasgow, G42 7BX",
    "city": "Glasgow",
    "lat": 55.8360,
    "lng": -4.2570,
    "features": ["Launderette", "Service Wash", "Ironing", "Dry Cleaning"],
    "openingHours": "Mon-Sat: 9:00am - 7:00pm, Sun: Closed",
    "website": "",
    "isPremium": false,
    "reviewCount": 18,
    "rating": 4.9
  },
  {
    "name": "Parade Launderette",
    "address": "492 Alexandra Parade, Glasgow, G31 3BQ",
    "city": "Glasgow",
    "lat": 55.8620,
    "lng": -4.2040,
    "features": ["Launderette", "Self-Service", "Duvet Cleaning"],
    "openingHours": "Mon-Sat: 8:00am - 5:30pm, Sun: Closed",
    "website": "",
    "isPremium": false,
    "reviewCount": 6,
    "rating": 4.0
  },
  {
    "name": "Havelock Launderette & Dry Cleaners",
    "address": "10 Havelock St, Glasgow, G11 5JA",
    "city": "Glasgow",
    "lat": 55.8670,
    "lng": -4.3010,
    "features": ["Launderette", "Dry Cleaning", "Service Wash"],
    "openingHours": "Mon-Sat: 9:00am - 6:00pm, Sun: Closed",
    "website": "",
    "isPremium": false,
    "reviewCount": 11,
    "rating": 4.6
  },
  {
    "name": "Spruced Up Laundrette Ltd",
    "address": "550 Paisley Rd West, Glasgow, G51 1RJ",
    "city": "Glasgow",
    "lat": 55.8490,
    "lng": -4.3160,
    "features": ["Launderette", "Family Run Business", "Service Wash"],
    "openingHours": "Mon-Sat: 9:00am - 5:00pm, Sun: Closed",
    "website": "",
    "isPremium": false,
    "reviewCount": 20,
    "rating": 5.0
  },
  {
    "name": "The Wee Steamie",
    "address": "57-59 Hillhouse St, Glasgow, G21 4HS",
    "city": "Glasgow",
    "lat": 55.8750,
    "lng": -4.2250,
    "features": ["Launderette", "Service Wash", "Affordable Prices"],
    "openingHours": "Mon-Fri: 8:30am - 6:00pm, Sat: 9:00am - 4:00pm, Sun: Closed",
    "website": "",
    "isPremium": false,
    "reviewCount": 10,
    "rating": 4.7
  },
  {
    "name": "Shawlands Laundry",
    "address": "22 Minard Rd, Glasgow G41 2HN",
    "city": "Glasgow",
    "lat": 55.8390,
    "lng": -4.2800,
    "features": ["Launderette", "Service Wash", "Ironing"],
    "openingHours": "Mon-Fri: 9:00am - 5:00pm, Sat: 9:00am - 4:00pm, Sun: Closed",
    "website": "",
    "isPremium": false,
    "reviewCount": 12,
    "rating": 4.4
  },
  {
    "name": "Miracle Laundry - Kings Heath",
    "address": "282 Vicarage Road, Kings Heath, Birmingham B14 7NH",
    "city": "Birmingham",
    "lat": 52.4335,
    "lng": -1.8900,
    "features": ["Self-Service", "Dry Cleaning", "Late Night Unmanned Service"],
    "openingHours": "Mon: 8:30am - 5:00pm, Tue: 8:30am - 5:00pm, Wed-Thu: 8:30am - 9:00pm (5pm-9pm unmanned), Fri-Sat: 9:00am - 5:00pm, Sun: 9:00am - 4:00pm",
    "website": "https://www.miraclelaundry.co.uk/",
    "isPremium": false,
    "reviewCount": 10,
    "rating": 4.7
  },
  {
    "name": "Fosseway Laundry Services",
    "address": "7 Fosseway Drive, Erdington, Birmingham, B23 5LD",
    "city": "Birmingham",
    "lat": 52.5150,
    "lng": -1.8230,
    "features": ["Service Wash", "Ironing", "Duvets & Bedding", "Self-Service"],
    "openingHours": "Mon, Tue, Thu, Fri: 9:00am - 1:00pm, Sat: Closed, Sun: Closed, Wed: Closed",
    "website": "http://launderetteonline.co.uk/",
    "isPremium": false,
    "reviewCount": 5,
    "rating": 4.0
  },
  {
    "name": "Moseley Washeteria",
    "address": "90 St Marys Row, Birmingham, B13 9EF",
    "city": "Birmingham",
    "lat": 52.4490,
    "lng": -1.8790,
    "features": ["Service Wash", "Ironing", "Laundry"],
    "openingHours": "Mon-Fri: 8:00am - 7:00pm, Sat: 9:00am - 5:00pm, Sun: Closed",
    "website": "",
    "isPremium": false,
    "reviewCount": 4,
    "rating": 2.8
  },
  {
    "name": "Rafiki Launderette",
    "address": "602 Bearwood Rd, Smethwick, B66 4BW",
    "city": "Birmingham",
    "lat": 52.4840,
    "lng": -1.9700,
    "features": ["Launderette", "Self-Service", "Service Wash", "Staffed"],
    "openingHours": "Mon-Sat: 9:00am - 7:00pm, Sun: Closed",
    "website": "",
    "isPremium": false,
    "reviewCount": 17,
    "rating": 4.9
  },
  {
    "name": "Harborne Launderette",
    "address": "291 High St, Birmingham, B17 9QH",
    "city": "Birmingham",
    "lat": 52.4570,
    "lng": -1.9560,
    "features": ["Launderette", "Cleanest in Area", "Staffed"],
    "openingHours": "Mon-Sun: 9:00am - 9:00pm",
    "website": "",
    "isPremium": false,
    "reviewCount": 1,
    "rating": 4.0
  },
  {
    "name": "Beauchamp Laundry Services",
    "address": "10 Beauchamp Avenue, Handsworth Wood, Birmingham, B20 1DR",
    "city": "Birmingham",
    "lat": 52.5080,
    "lng": -1.9160,
    "features": ["Launderette", "Self-Service", "Service Wash"],
    "openingHours": "Mon-Sun: 7:00am - 10:30pm",
    "website": "",
    "isPremium": false,
    "reviewCount": 10,
    "rating": 5.0
  },
  {
    "name": "The Laundry Room (Halesowen)",
    "address": "8 Peckingham St, Halesowen, B63 3AW (Near Birmingham)",
    "city": "Birmingham",
    "lat": 52.4550,
    "lng": -2.0350,
    "features": ["Drop and Collect Service", "Dry Cleaning", "Same-Day Express", "Large Machines"],
    "openingHours": "Mon-Fri: 10:00am - 4:00pm, Sat: 10:00am - 2:00pm, Sun: Closed",
    "website": "https://thelaundryroom.uk/",
    "isPremium": true,
    "reviewCount": 15,
    "rating": 4.8
  },
  {
    "name": "Rainbow Laundrette",
    "address": "15 Church Vale, Birmingham, B20 3SG",
    "city": "Birmingham",
    "lat": 52.5050,
    "lng": -1.8900,
    "features": ["Launderette", "Self-Service", "Staffed", "Friendly Staff"],
    "openingHours": "Mon-Sat: 8:00am - 6:00pm, Sun: Closed",
    "website": "",
    "isPremium": false,
    "reviewCount": 1,
    "rating": 5.0
  },
  {
    "name": "Strathdene Launderette",
    "address": "21 Strathdene Rd, Selly Oak, Birmingham, B29 6QL",
    "city": "Birmingham",
    "lat": 52.4410,
    "lng": -1.9440,
    "features": ["Self-Service", "Pick-up Drop-off", "Duvet Cleaning", "Large Capacity"],
    "openingHours": "Mon-Sun: 9:30am - 6:30pm",
    "website": "https://strathdene-launderette-1.ueniweb.com/",
    "isPremium": false,
    "reviewCount": 8,
    "rating": 4.5
  },
  {
    "name": "Swift Launderette",
    "address": "52 Poplar Rd, Birmingham, B14 7AG",
    "city": "Birmingham",
    "lat": 52.4280,
    "lng": -1.8960,
    "features": ["Launderette", "Dry-Cleaning", "Ironing Service"],
    "openingHours": "Mon-Sat: 9:00am - 4:00pm, Sun: Closed",
    "website": "",
    "isPremium": false,
    "reviewCount": 3,
    "rating": 5.0
  },
  {
    "name": "Cardiff Launderette 1",
    "address": "383 Cowbridge Rd E, Cardiff CF5 1JG",
    "city": "Cardiff",
    "lat": 51.4810,
    "lng": -3.2090,
    "features": ["Self-Service", "Service Wash", "Duvet Cleaning"],
    "openingHours": "Mon-Sat: 8:00am - 6:00pm, Sun: 10:00am - 4:00pm",
    "website": "",
    "isPremium": false,
    "reviewCount": 10,
    "rating": 4.2
  },
  {
    "name": "Canton Launderette",
    "address": "244 Cowbridge Rd E, Cardiff CF5 1GZ",
    "city": "Cardiff",
    "lat": 51.4820,
    "lng": -3.2095,
    "features": ["Self-Service", "Dry Cleaning", "Alterations", "Curtain & Rug Cleaning"],
    "openingHours": "Mon-Sat: 8:00am - 6:00pm, Sun: 10:00am - 4:00pm",
    "website": "https://www.canton-launderette.co.uk/",
    "isPremium": false,
    "reviewCount": 15,
    "rating": 4.5
  },
  {
    "name": "LaunderRoom Cardiff",
    "address": "108 Whitchurch Rd, Cardiff CF14 3LY",
    "city": "Cardiff",
    "lat": 51.5030,
    "lng": -3.1900,
    "features": ["Full Service Facilities", "Commercial Service", "Eco-Friendly Machines"],
    "openingHours": "Mon-Fri: 9:00am - 2:00pm, Sat-Sun: Closed",
    "website": "https://www.launderroom.com/",
    "isPremium": true,
    "reviewCount": 5,
    "rating": 4.8
  },
  {
    "name": "Cardiff Launderette and Dry Clean",
    "address": "224 Cowbridge Rd East, Cardiff CF5 1GW (Est)",
    "city": "Cardiff",
    "lat": 51.4825,
    "lng": -3.2100,
    "features": ["Pick-up & Delivery", "Ironing", "Repairs & Alterations", "Sport Kit Cleaning"],
    "openingHours": "Mon-Sat: 8:00am - 6:00pm, Sun: 10:00am - 4:00pm",
    "website": "https://cardiff-launderette.co.uk/",
    "isPremium": false,
    "reviewCount": 12,
    "rating": 4.3
  },
  {
    "name": "Drift-In Launderette Cardiff",
    "address": "134 Newport Rd, Cardiff CF24 1DJ",
    "city": "Cardiff",
    "lat": 51.4870,
    "lng": -3.1670,
    "features": ["Self-Service", "Service Wash", "Dry Cleaning Agent", "Same-Day Collection"],
    "openingHours": "Mon-Sun: 7:00am - 9:00pm",
    "website": "https://drift-in.co.uk/",
    "isPremium": true,
    "reviewCount": 10,
    "rating": 4.0
  },
  {
    "name": "Wash Cycle: Laundry Service Cardiff",
    "address": "83, Portmanmoor Road Industrial Estate, Cardiff CF24 5HB",
    "city": "Cardiff",
    "lat": 51.4740,
    "lng": -3.1550,
    "features": ["Commercial Laundry", "Hotel Service", "Collection & Delivery"],
    "openingHours": "Mon-Fri: 8:00am - 5:00pm, Sat-Sun: Closed",
    "website": "",
    "isPremium": true,
    "reviewCount": 8,
    "rating": 4.9
  },
  {
    "name": "David Barnes Dry Cleaning and Laundry",
    "address": "3 Pen-Y-Wain Rd, Roath, Cardiff CF24 4DJ (Est)",
    "city": "Cardiff",
    "lat": 51.4890,
    "lng": -3.1700,
    "features": ["Dry Cleaning", "Laundry Service", "Free Collection"],
    "openingHours": "Mon-Fri: 9:00am - 5:00pm, Sat-Sun: Closed",
    "website": "https://dbcleaners.co.uk/",
    "isPremium": false,
    "reviewCount": 5,
    "rating": 4.7
  },
  {
    "name": "Cardiff launderette 3",
    "address": "108 Whitchurch Rd, Cardiff CF14 3LY",
    "city": "Cardiff",
    "lat": 51.5030,
    "lng": -3.1900,
    "features": ["Self-Service", "Wash and Dry", "Staff Assistance"],
    "openingHours": "Mon-Sat: 9:00am - 5:00pm, Sun: Closed",
    "website": "",
    "isPremium": false,
    "reviewCount": 3,
    "rating": 3.0
  },
  {
    "name": "Cathays Launderette",
    "address": "18 Crwys Rd, Cathays, Cardiff CF24 4NY (Est)",
    "city": "Cardiff",
    "lat": 51.4940,
    "lng": -3.1790,
    "features": ["Self-Service", "Service Wash", "Drying Only"],
    "openingHours": "Mon-Sun: 7:00am - 9:00pm",
    "website": "",
    "isPremium": false,
    "reviewCount": 7,
    "rating": 4.1
  },
  {
    "name": "Llandaff Launderette & Dry Cleaners",
    "address": "1 Llandaff Rd, Llandaff, Cardiff CF5 2YN (Est)",
    "city": "Cardiff",
    "lat": 51.4880,
    "lng": -3.2260,
    "features": ["Launderette", "Dry Cleaning", "Duvet Service"],
    "openingHours": "Mon-Sat: 9:00am - 6:00pm, Sun: Closed",
    "website": "",
    "isPremium": false,
    "reviewCount": 6,
    "rating": 4.4
  },
  {
    "name": "Dundee Street Laundrette",
    "address": "25 Dundee St, Edinburgh, EH11 1DE",
    "city": "Edinburgh",
    "lat": 55.9390,
    "lng": -3.2200,
    "features": ["Self-Service", "Service Wash", "Drying Only"],
    "openingHours": "Mon-Sun: 7:00am - 9:00pm",
    "website": "",
    "isPremium": false,
    "reviewCount": 10,
    "rating": 4.1
  },
  {
    "name": "The Edinburgh Laundrette",
    "address": "52-54 High St, Edinburgh, EH1 1SR (Est)",
    "city": "Edinburgh",
    "lat": 55.9520,
    "lng": -3.1850,
    "features": ["Self-Service", "Dry Cleaning Agent", "Staffed"],
    "openingHours": "Mon-Fri: 8:00am - 6:00pm, Sat: 9:00am - 5:00pm, Sun: Closed",
    "website": "",
    "isPremium": false,
    "reviewCount": 15,
    "rating": 4.4
  },
  {
    "name": "Broughton Road Laundrette",
    "address": "29 Broughton Rd, Edinburgh, EH7 4EW",
    "city": "Edinburgh",
    "lat": 55.9610,
    "lng": -3.1810,
    "features": ["Self-Service", "Duvet Cleaning", "Service Wash"],
    "openingHours": "Mon-Fri: 9:00am - 6:00pm, Sat: 9:00am - 4:00pm, Sun: Closed",
    "website": "",
    "isPremium": false,
    "reviewCount": 8,
    "rating": 4.5
  },
  {
    "name": "Marchmont Launderette",
    "address": "57 Marchmont Cres, Edinburgh, EH9 1HD (Est)",
    "city": "Edinburgh",
    "lat": 55.9380,
    "lng": -3.1990,
    "features": ["Self-Service", "Staffed", "Ironing Service"],
    "openingHours": "Mon-Sun: 8:00am - 8:00pm",
    "website": "",
    "isPremium": false,
    "reviewCount": 12,
    "rating": 4.2
  },
  {
    "name": "Wash & Go Laundrette (Leith)",
    "address": "251 Leith Walk, Edinburgh, EH6 8NY (Est)",
    "city": "Edinburgh",
    "lat": 55.9680,
    "lng": -3.1700,
    "features": ["Self-Service", "Large Capacity Machines"],
    "openingHours": "Mon-Sun: 6:00am - 11:00pm",
    "website": "",
    "isPremium": false,
    "reviewCount": 7,
    "rating": 4.0
  },
  {
    "name": "Bruntsfield Launderette & Dry Cleaners",
    "address": "15 Bruntsfield Pl, Edinburgh, EH10 4HN (Est)",
    "city": "Edinburgh",
    "lat": 55.9385,
    "lng": -3.2095,
    "features": ["Self-Service", "Dry Cleaning", "Alterations"],
    "openingHours": "Mon-Sat: 9:00am - 5:30pm, Sun: Closed",
    "website": "",
    "isPremium": false,
    "reviewCount": 10,
    "rating": 4.6
  },
  {
    "name": "The Steamie Laundrette",
    "address": "20 St Clair St, Edinburgh, EH6 8JU (Est)",
    "city": "Edinburgh",
    "lat": 55.9690,
    "lng": -3.1670,
    "features": ["Self-Service", "Service Wash", "Commercial Service"],
    "openingHours": "Mon-Fri: 9:00am - 5:00pm, Sat: 9:00am - 3:00pm, Sun: Closed",
    "website": "",
    "isPremium": false,
    "reviewCount": 5,
    "rating": 4.3
  },
  {
    "name": "Prestige Laundry & Dry Cleaning",
    "address": "8 Rodney St, Edinburgh, EH7 4AE (Est)",
    "city": "Edinburgh",
    "lat": 55.9615,
    "lng": -3.1890,
    "features": ["Dry Cleaning", "Collection & Delivery", "Ironing Service"],
    "openingHours": "Mon-Fri: 9:00am - 5:00pm, Sat-Sun: Closed",
    "website": "https://www.prestigecleaners.co.uk/",
    "isPremium": true,
    "reviewCount": 10,
    "rating": 4.8
  },
  {
    "name": "Stockbridge Laundrette",
    "address": "4 Deanhaugh St, Edinburgh, EH4 1LY (Est)",
    "city": "Edinburgh",
    "lat": 55.9550,
    "lng": -3.2100,
    "features": ["Self-Service", "Service Wash", "Duvet Cleaning"],
    "openingHours": "Mon-Sat: 8:00am - 6:00pm, Sun: 10:00am - 4:00pm",
    "website": "",
    "isPremium": false,
    "reviewCount": 9,
    "rating": 4.1
  },
  {
    "name": "Bayswater Launderette",
    "address": "10 East London St, Edinburgh, EH7 5AT (Est)",
    "city": "Edinburgh",
    "lat": 55.9570,
    "lng": -3.1860,
    "features": ["Self-Service", "Large Capacity Machines"],
    "openingHours": "Mon-Sun: 6:00am - 11:00pm",
    "website": "",
    "isPremium": false,
    "reviewCount": 6,
    "rating": 4.0
  }
]
