[
  {
    "name": "Liver Launderettes (Aigburth Rd)",
    "address": "170 Aigburth Road, Liverpool, L17 9PE",
    "city": "Liverpool",
    "lat": 53.3768,
    "lng": -2.9348,
    "features": ["Self-Service", "Staffed (Partial)", "Duvet Machine"],
    "openingHours": "Mon-Sat: 8:00am - 9:00pm, Sun: 8:00am - 7:00pm",
    "website": "https://www.liverlaunderettes.co.uk/",
    "isPremium": false,
    "reviewCount": 10,
    "rating": 4.1
  },
  {
    "name": "Kitty's Launderette (Everton)",
    "address": "77 Grasmere St, Liverpool, L5 6RH",
    "city": "Liverpool",
    "lat": 53.4190,
    "lng": -2.9640,
    "features": ["Self-Service", "Service Wash", "Eco Dry Cleaning", "Alterations"],
    "openingHours": "Mon-Fri: 9:00am - 8:00pm, Sat-Sun: Closed",
    "website": "https://www.kittyslaunderette.org.uk/",
    "isPremium": true,
    "reviewCount": 25,
    "rating": 4.8
  },
  {
    "name": "Liver Laundrettes (Prescot Road)",
    "address": "104 Prescot Road, Liverpool, L7 0JA",
    "city": "Liverpool",
    "lat": 53.4070,
    "lng": -2.9230,
    "features": ["Self-Service", "Staffed", "Late Wash"],
    "openingHours": "Mon-Sun: 8:00am - 10:00pm",
    "website": "https://www.liverlaunderettes.co.uk/",
    "isPremium": false,
    "reviewCount": 15,
    "rating": 4.5
  },
  {
    "name": "Daily Maids Ironing & Laundry",
    "address": "336 Longmoor Ln, Liverpool, L9 9DA",
    "city": "Liverpool",
    "lat": 53.4610,
    "lng": -2.9430,
    "features": ["Ironing Service", "Drop-Off", "Collection & Delivery"],
    "openingHours": "Mon-Thur: 8:30am - 4:30pm, Fri: 8:30am - 3:30pm, Sat: 10:00am - 2:00pm, Sun: Closed",
    "website": "https://www.dailymaidsliverpool.co.uk/",
    "isPremium": true,
    "reviewCount": 12,
    "rating": 4.6
  },
  {
    "name": "Liver Laundrettes (Smithdown Rd)",
    "address": "310 Smithdown Road, Liverpool, L15 5AJ",
    "city": "Liverpool",
    "lat": 53.3890,
    "lng": -2.9280,
    "features": ["Self-Service", "24/7 Access (Selected Machines)", "Late Night Wash"],
    "openingHours": "Mon-Sun: 8:00am - 10:00pm",
    "website": "https://www.liverlaunderettes.co.uk/",
    "isPremium": false,
    "reviewCount": 8,
    "rating": 3.9
  },
  {
    "name": "Liver Laundrettes (Brodie Ave)",
    "address": "307 Brodie Avenue, Liverpool, L19 7NE",
    "city": "Liverpool",
    "lat": 53.3640,
    "lng": -2.8980,
    "features": ["Self-Service", "Service Wash", "Duvet Machine"],
    "openingHours": "Mon-Sat: 8:00am - 9:00pm, Sun: 8:00am - 7:00pm",
    "website": "https://www.liverlaunderettes.co.uk/",
    "isPremium": false,
    "reviewCount": 6,
    "rating": 4.2
  },
  {
    "name": "Liver Laundrettes (St Johns Rd)",
    "address": "94 St Johns Road, Liverpool, L22 9QQ",
    "city": "Liverpool",
    "lat": 53.4730,
    "lng": -3.0070,
    "features": ["Self-Service", "Service Wash", "Duvet Machine"],
    "openingHours": "Mon-Thurs: 8:00am - 9:00pm, Fri-Sun: 8:00am - 7:00pm",
    "website": "https://www.liverlaunderettes.co.uk/",
    "isPremium": false,
    "reviewCount": 5,
    "rating": 4.0
  },
  {
    "name": "Liver Laundrettes (Moss Lane)",
    "address": "62 Moss Lane, Liverpool, L9 8AN",
    "city": "Liverpool",
    "lat": 53.4680,
    "lng": -2.9460,
    "features": ["Self-Service", "Service Wash"],
    "openingHours": "Mon-Sat: 8:00am - 9:00pm, Sun: 8:00am - 7:00pm",
    "website": "https://www.liverlaunderettes.co.uk/",
    "isPremium": false,
    "reviewCount": 3,
    "rating": 4.3
  },
  {
    "name": "Liver Laundrettes (Linacre Rd)",
    "address": "112 Linacre Road, Liverpool, L21 8JT",
    "city": "Liverpool",
    "lat": 53.4640,
    "lng": -3.0160,
    "features": ["Self-Service", "Service Wash", "Duvet Machine"],
    "openingHours": "Mon-Sat: 8:00am - 8:00pm, Sun: 8:00am - 7:00pm",
    "website": "https://www.liverlaunderettes.co.uk/",
    "isPremium": false,
    "reviewCount": 4,
    "rating": 4.4
  },
  {
    "name": "Liverpool Laundry Club",
    "address": "25 Allerton Rd, Liverpool, L18 1LF (Est)",
    "city": "Liverpool",
    "lat": 53.3830,
    "lng": -2.9230,
    "features": ["Service Wash", "Dry Cleaning", "High-Quality Finish"],
    "openingHours": "Mon-Sat: 8:30am - 6:00pm, Sun: Closed",
    "website": "",
    "isPremium": true,
    "reviewCount": 7,
    "rating": 4.7
  },
  {
    "name": "Staffords Launderette (Fishponds)",
    "address": "9 Straits Parade, Fishponds, Bristol, BS16 2LA",
    "city": "Bristol",
    "lat": 51.4875,
    "lng": -2.5225,
    "features": ["Self-Service", "Large Washers/Dryers", "24/7 Access"],
    "openingHours": "Mon-Sun: 8:00am - 8:00pm",
    "website": "https://www.staffordslaunderette.co.uk/",
    "isPremium": false,
    "reviewCount": 15,
    "rating": 4.4
  },
  {
    "name": "Waeshous Horfield Launderette",
    "address": "34 Filton Rd, Horfield, Bristol, BS7 0PB",
    "city": "Bristol",
    "lat": 51.4880,
    "lng": -2.5840,
    "features": ["Self-Service", "Pickup & Delivery", "Commercial Laundry", "Modern Facility"],
    "openingHours": "Mon-Sun: 8:00am - 9:00pm",
    "website": "https://waeshous.co.uk/",
    "isPremium": true,
    "reviewCount": 20,
    "rating": 4.6
  },
  {
    "name": "The Happy Laundrette",
    "address": "199 Newfoundland Rd, Bristol, BS2 9NY",
    "city": "Bristol",
    "lat": 51.4660,
    "lng": -2.5790,
    "features": ["Launderette", "Self-Service", "Late Opening"],
    "openingHours": "Mon-Sun: 8:00am - 10:00pm",
    "website": "",
    "isPremium": false,
    "reviewCount": 2,
    "rating": 5.0
  },
  {
    "name": "Kingsway Laundry Ltd",
    "address": "12 Kingsway, St. George, Bristol, BS5 8NS (Est)",
    "city": "Bristol",
    "lat": 51.4610,
    "lng": -2.5360,
    "features": ["Self-Service", "Attended (Partial)", "Eco-Friendly", "SMS Notification"],
    "openingHours": "Mon-Sun: 7:00am - 7:00pm (Last wash 6pm)",
    "website": "https://www.kingsway-laundry.co.uk/",
    "isPremium": true,
    "reviewCount": 10,
    "rating": 4.5
  },
  {
    "name": "Whites Launderette",
    "address": "144 Church Rd, Bristol, BS5 9HN",
    "city": "Bristol",
    "lat": 51.4640,
    "lng": -2.5440,
    "features": ["Self-Service", "Dry Cleaners", "Service Wash", "Stain Removal"],
    "openingHours": "Mon-Sun: 8:00am - 8:00pm",
    "website": "https://whiteslaunderette.co.uk/",
    "isPremium": false,
    "reviewCount": 1,
    "rating": 5.0
  },
  {
    "name": "Staffords Launderette (Bedminster)",
    "address": "82 North St, Bedminster, Bristol, BS3 1HF",
    "city": "Bristol",
    "lat": 51.4440,
    "lng": -2.5960,
    "features": ["Self-Service", "Multiple Washers/Dryers"],
    "openingHours": "Mon-Sun: 8:00am - 8:00pm",
    "website": "https://www.staffordslaunderette.co.uk/",
    "isPremium": false,
    "reviewCount": 5,
    "rating": 4.2
  },
  {
    "name": "Yate Launderette & Dry Cleaners",
    "address": "4 West Walk, Yate, Bristol, BS37 4AT (Est)",
    "city": "Bristol",
    "lat": 51.5280,
    "lng": -2.4970,
    "features": ["Self-Serve", "Service Wash", "Dry Cleaning", "Duvets"],
    "openingHours": "Mon-Fri: 9:00am - 4:00pm (Weds Closed), Sat: 9:00am - 2:00pm, Sun: Closed",
    "website": "http://www.yatelaunderette.com/",
    "isPremium": false,
    "reviewCount": 7,
    "rating": 4.3
  },
  {
    "name": "Soap Suds Laundry Service",
    "address": "172 Wells Rd Totterdown, Bristol, BS4 2AL",
    "city": "Bristol",
    "lat": 51.4420,
    "lng": -2.5830,
    "features": ["Service Wash", "Domestic & Commercial Laundry", "Family Run"],
    "openingHours": "Mon-Fri: 9:00am - 4:00pm, Sat-Sun: Closed",
    "website": "",
    "isPremium": false,
    "reviewCount": 6,
    "rating": 5.0
  },
  {
    "name": "WashBox Dry Cleaning & Laundry",
    "address": "35 St. Johns Road, Bristol, BS8 2HD (Est)",
    "city": "Bristol",
    "lat": 51.4550,
    "lng": -2.6100,
    "features": ["Dry Cleaning", "Wet Cleaning", "Wash, Dry, Iron", "Hotel/AirBnB Service"],
    "openingHours": "Mon-Sat: 8:30am - 9:00pm, Sun: Closed",
    "website": "",
    "isPremium": true,
    "reviewCount": 3,
    "rating": 5.0
  },
  {
    "name": "Staffords Launderette (Bishopston)",
    "address": "5 Zetland Rd, Bishopston, Bristol, BS6 7AG",
    "city": "Bristol",
    "lat": 51.4740,
    "lng": -2.5710,
    "features": ["Self-Service", "Multiple Washers/Dryers"],
    "openingHours": "Mon-Sun: 8:00am - 8:00pm",
    "website": "https://www.staffordslaunderette.co.uk/",
    "isPremium": false,
    "reviewCount": 8,
    "rating": 4.0
  },
  {
    "name": "Coin Op Launderette (Heaton Rd)",
    "address": "72 Heaton Rd, Newcastle upon Tyne, NE6 5HL",
    "city": "Newcastle",
    "lat": 54.9860,
    "lng": -1.5840,
    "features": ["Coin-Op", "Staffed", "Service Wash", "Duvet Cleaning"],
    "openingHours": "Mon-Sat: 9:00am - 6:30pm, Sun: Closed",
    "website": "https://www.yell.com/biz/coin-op-launderette-newcastle-upon-tyne-338949/",
    "isPremium": false,
    "reviewCount": 20,
    "rating": 4.7
  },
  {
    "name": "The Laundry Worx",
    "address": "2 Morden Street, Newcastle upon Tyne, NE1 7RQ",
    "city": "Newcastle",
    "lat": 54.9750,
    "lng": -1.6160,
    "features": ["Self-Service", "High-Spin Machines", "Modern Facility"],
    "openingHours": "Mon-Sun: 9:00am - 6:00pm",
    "website": "https://thelaundryworx.co.uk/",
    "isPremium": true,
    "reviewCount": 10,
    "rating": 4.5
  },
  {
    "name": "Barrington Laundry Co",
    "address": "40 Cedar Rd, Fenham, Newcastle upon Tyne, NE4 9XX",
    "city": "Newcastle",
    "lat": 54.9890,
    "lng": -1.6550,
    "features": ["Drop-Off", "Dry Cleaners", "Pick up Service (5-mile radius)"],
    "openingHours": "Mon-Fri: 9:00am - 5:00pm, Sat-Sun: Closed",
    "website": "https://barringtonlaundry.co.uk/",
    "isPremium": true,
    "reviewCount": 8,
    "rating": 4.6
  },
  {
    "name": "The Swiss-Wash",
    "address": "5-7 Fenham Rd, Newcastle upon Tyne, NE4 5AE",
    "city": "Newcastle",
    "lat": 54.9780,
    "lng": -1.6600,
    "features": ["Launderette", "Self-Service", "Service Wash"],
    "openingHours": "Mon-Fri: 9:00am - 6:00pm, Sat: 9:00am - 4:00pm, Sun: Closed",
    "website": "",
    "isPremium": false,
    "reviewCount": 5,
    "rating": 4.0
  },
  {
    "name": "Revolution Laundry (Byker)",
    "address": "Shields Rd, Byker, Newcastle NE6 1EJ (Morrisons Car Park)",
    "city": "Newcastle",
    "lat": 54.9760,
    "lng": -1.5790,
    "features": ["24/7 Outdoor Machine", "Large Capacity", "Self-Service"],
    "openingHours": "24/7",
    "website": "https://www.thelaundryrevolution.co.uk/",
    "isPremium": false,
    "reviewCount": 12,
    "rating": 3.8
  },
  {
    "name": "The Laundry Co. (Gateshead)",
    "address": "328 Old Durham Rd, Gateshead, NE8 4BQ",
    "city": "Newcastle",
    "lat": 54.9540,
    "lng": -1.5860,
    "features": ["Dry Cleaning", "Shirt Service", "Curtain & Duvet Cleaning"],
    "openingHours": "Mon-Fri: 8:30am - 5:00pm, Sat: 9:00am - 4:00pm, Sun: Closed",
    "website": "",
    "isPremium": false,
    "reviewCount": 7,
    "rating": 4.4
  },
  {
    "name": "S & D Cleaners",
    "address": "4 Salters Rd, Newcastle Upon Tyne, NE3 1DJ",
    "city": "Newcastle",
    "lat": 55.0000,
    "lng": -1.6090,
    "features": ["Curtain & Duvet Cleaning", "Ironing Service", "Dry Cleaning"],
    "openingHours": "Mon-Fri: 9:00am - 5:00pm, Sat: 9:00am - 4:00pm, Sun: Closed",
    "website": "",
    "isPremium": false,
    "reviewCount": 3,
    "rating": 4.5
  },
  {
    "name": "T L C Laundry Services",
    "address": "3 Hawkstone Avenue, Newcastle, NE3 4XN (Est)",
    "city": "Newcastle",
    "lat": 55.0000,
    "lng": -1.6490,
    "features": ["Complete Laundry Service", "Ironing", "Executive Shirt Service"],
    "openingHours": "Mon-Fri: 9:00am - 5:00pm, Sat-Sun: Closed",
    "website": "",
    "isPremium": true,
    "reviewCount": 4,
    "rating": 5.0
  },
  {
    "name": "Revolution Laundry (Cowgate)",
    "address": "200 Two Ball Lonnen, Newcastle NE4 9SZ (Morrisons Car Park)",
    "city": "Newcastle",
    "lat": 54.9960,
    "lng": -1.6730,
    "features": ["24/7 Outdoor Machine", "Large Capacity", "Self-Service"],
    "openingHours": "24/7",
    "website": "https://www.thelaundryrevolution.co.uk/",
    "isPremium": false,
    "reviewCount": 9,
    "rating": 3.9
  },
  {
    "name": "Creases Ironing & Laundry",
    "address": "7 Ashburton Rd, Newcastle Upon Tyne, NE3 4XN",
    "city": "Newcastle",
    "lat": 55.0010,
    "lng": -1.6490,
    "features": ["Ironing", "Laundry", "Dry Cleaning", "Fast Turnaround"],
    "openingHours": "Mon-Fri: 8:00am - 6:00pm, Sat-Sun: Closed",
    "website": "",
    "isPremium": false,
    "reviewCount": 3,
    "rating": 4.0
  }
]
