[
  {
    "name": "Truro Launderette",
    "address": "Boscawen House, Chapel Hill, Truro, TR1 3BN",
    "city": "Truro",
    "lat": 50.2645,
    "lng": -5.0500,
    "features": ["Self-Service", "Fully Staffed", "Dry Cleaning", "Duvet Cleaning", "Ironing"],
    "openingHours": "Mon-Fri: 8:30am - 5:30pm, Sat: 8:30am - 4:00pm, Sun: Closed",
    "website": "https://www.trurolaunderette.co.uk/",
    "isPremium": true,
    "reviewCount": 10,
    "rating": 4.1
  },
  {
    "name": "Wash N Go Service Launderette (Threemilestone)",
    "address": "1 Pengelly Way, Truro, TR3 6DP",
    "city": "Truro",
    "lat": 50.2580,
    "lng": -5.0800,
    "features": ["Service Wash", "Coin-Op", "Flexible Hours"],
    "openingHours": "Mon-Fri: 9:00am - 5:00pm, Sat: 9:00am - 3:00pm, Sun: Closed",
    "website": "https://threemilestone.cylex-uk.co.uk/company/wash-n-go-service-launderette-26709867.html",
    "isPremium": false,
    "reviewCount": 5,
    "rating": 4.0
  },
  {
    "name": "Love2Laundry Truro (Collection/Delivery)",
    "address": "Servicing TR postcodes (Virtual Listing)",
    "city": "Truro",
    "lat": 50.2600,
    "lng": -5.0550,
    "features": ["Collection/Delivery", "24hr Turnaround", "App Service", "Dry Cleaning"],
    "openingHours": "24/7 Booking",
    "website": "https://www.love2laundry.com/",
    "isPremium": true,
    "reviewCount": 8,
    "rating": 4.6
  },
  {
    "name": "Wash ME Launderette (Costcutter Gloweth)",
    "address": "Costcutter, College Way, Gloweth, Truro, TR1 3GD",
    "city": "Truro",
    "lat": 50.2570,
    "lng": -5.0600,
    "features": ["24/7 Outdoor Machine", "Large Capacity", "Card Payment", "Eco-friendly Detergent"],
    "openingHours": "24/7",
    "website": "https://stores.revolution-laundry.com/",
    "isPremium": false,
    "reviewCount": 3,
    "rating": 4.0
  },
  {
    "name": "Falmouth Launderette (Trelawney Rd)",
    "address": "49 Trelawney Rd, Falmouth, TR11 3LY (Est)",
    "city": "Truro",
    "lat": 50.1500,
    "lng": -5.0600,
    "features": ["Self-Service", "Service Wash", "Coastal Focus"],
    "openingHours": "Mon-Sun: 7:00am - 9:00pm",
    "website": "",
    "isPremium": false,
    "reviewCount": 5,
    "rating": 4.2
  },
  {
    "name": "Whittakers Dry Cleaning (Truro Agent)",
    "address": "25 Lemon St, Truro, TR1 2LS (Est)",
    "city": "Truro",
    "lat": 50.2650,
    "lng": -5.0480,
    "features": ["Dry Cleaning", "Quick Service", "Collection/Delivery (Optional)"],
    "openingHours": "Mon-Sat: 9:00am - 5:00pm, Sun: Closed",
    "website": "https://whittakersdrycleaning.co.uk/",
    "isPremium": true,
    "reviewCount": 4,
    "rating": 4.5
  },
  {
    "name": "The Laundry Room (Falmouth)",
    "address": "Polwhaveral Terrace, Falmouth, TR11 2LR",
    "city": "Truro",
    "lat": 50.1480,
    "lng": -5.0650,
    "features": ["Coin-Op", "Modern Machines", "Self-Service", "Early Opener"],
    "openingHours": "Mon-Sun: 6:00am - 10:00pm",
    "website": "https://www.yell.com/biz/the-laundry-room-falmouth-9252321/",
    "isPremium": false,
    "reviewCount": 6,
    "rating": 5.0
  },
  {
    "name": "Redruth Launderette",
    "address": "2 Fore St, Redruth, TR15 2BP (Est)",
    "city": "Truro",
    "lat": 50.2300,
    "lng": -5.2200,
    "features": ["Launderette", "Service Wash", "Duvet Cleaning"],
    "openingHours": "Mon-Sat: 8:00am - 5:00pm, Sun: Closed",
    "website": "",
    "isPremium": false,
    "reviewCount": 3,
    "rating": 3.7
  },
  {
    "name": "Newquay Launderama",
    "address": "15 East St, Newquay, TR7 1BB (Est)",
    "city": "Truro",
    "lat": 50.4130,
    "lng": -5.0750,
    "features": ["Service Wash", "Dry Cleaning", "Family Run", "Tourist Focus"],
    "openingHours": "Mon-Sat: 8:00am - 6:00pm, Sun: 9:00am - 4:00pm",
    "website": "https://www.yell.com/biz/newquay-launderama-newquay-7191146/",
    "isPremium": true,
    "reviewCount": 5,
    "rating": 4.5
  },
  {
    "name": "St Agnes Launderette",
    "address": "3 West St, St Agnes, TR5 0JX (Est)",
    "city": "Truro",
    "lat": 50.3150,
    "lng": -5.2000,
    "features": ["Village Launderette", "Self-Service", "Service Wash"],
    "openingHours": "Mon-Sun: 7:00am - 9:00pm",
    "website": "",
    "isPremium": false,
    "reviewCount": 2,
    "rating": 3.9
  },
  {
    "name": "Bubble It Laundrette (St David's Hill)",
    "address": "50 Buddle Lane, Exeter, EX4 1JG",
    "city": "Exeter",
    "lat": 50.7200,
    "lng": -3.5400,
    "features": ["Self-Service", "Service Wash", "Modern", "Friendly Staff"],
    "openingHours": "Mon-Sat: 8:00am - 6:00pm, Sun: Closed",
    "website": "https://bubbleitclean.com/",
    "isPremium": true,
    "reviewCount": 10,
    "rating": 4.5
  },
  {
    "name": "Love2Laundry Exeter (Collection/Delivery)",
    "address": "Servicing EX postcodes (Virtual Listing)",
    "city": "Exeter",
    "lat": 50.7250,
    "lng": -3.5350,
    "features": ["Collection/Delivery", "24hr Turnaround", "App Service", "Dry Cleaning"],
    "openingHours": "24/7 Booking",
    "website": "https://www.love2laundry.com/",
    "isPremium": true,
    "reviewCount": 15,
    "rating": 4.6
  },
  {
    "name": "Wash ME Launderette (Moto Services)",
    "address": "Moto Services, Sidmouth Road, Exeter, EX2 7HF",
    "city": "Exeter",
    "lat": 50.7000,
    "lng": -3.4600,
    "features": ["24/7 Outdoor Machine", "Motorway Location", "Large Capacity", "Card Payment"],
    "openingHours": "24/7",
    "website": "https://stores.revolution-laundry.com/",
    "isPremium": false,
    "reviewCount": 5,
    "rating": 4.0
  },
  {
    "name": "Superwash Launderette (Fore St)",
    "address": "92 Fore St, Exeter, EX1 2RS",
    "city": "Exeter",
    "lat": 50.7130,
    "lng": -3.5350,
    "features": ["Self-Service", "Powerful Dryers", "City Centre"],
    "openingHours": "Mon-Sun: 7:00am - 9:00pm",
    "website": "https://www.yell.com/biz/superwash-launderette-exeter-7190059/",
    "isPremium": false,
    "reviewCount": 7,
    "rating": 4.1
  },
  {
    "name": "Alan's Launderette (Exmouth)",
    "address": "85 Exeter Rd, Exmouth, EX8 1QD",
    "city": "Exeter",
    "lat": 50.6200,
    "lng": -3.4100,
    "features": ["Self-Service", "Good Value", "Long Established (20 years)"],
    "openingHours": "Mon-Sun: 8:00am - 8:00pm",
    "website": "https://www.yell.com/biz/alan-s-launderette-exmouth-4033785/",
    "isPremium": false,
    "reviewCount": 5,
    "rating": 5.0
  },
  {
    "name": "Tiverton Launderette",
    "address": "11 William St, Tiverton, EX16 6BJ",
    "city": "Exeter",
    "lat": 50.9000,
    "lng": -3.4900,
    "features": ["Launderette", "Service Wash", "Duvet Cleaning"],
    "openingHours": "Mon-Sat: 8:30am - 7:00pm, Sun: Closed",
    "website": "https://www.yell.com/biz/the-tiverton-launderette-tiverton-9252278/",
    "isPremium": false,
    "reviewCount": 2,
    "rating": 5.0
  },
  {
    "name": "Axminster Launderette",
    "address": "3 West St, Axminster, EX13 5NW (Est)",
    "city": "Exeter",
    "lat": 50.7800,
    "lng": -3.0000,
    "features": ["Self-Service", "Town Focus"],
    "openingHours": "Mon-Sun: 7:00am - 9:00pm",
    "website": "",
    "isPremium": false,
    "reviewCount": 1,
    "rating": 3.5
  },
  {
    "name": "Sidmouth Launderette",
    "address": "40 Fore St, Sidmouth, EX10 8AQ (Est)",
    "city": "Exeter",
    "lat": 50.6750,
    "lng": -3.2400,
    "features": ["Launderette", "Service Wash", "Coastal Town"],
    "openingHours": "Mon-Sat: 8:30am - 5:00pm, Sun: Closed",
    "website": "",
    "isPremium": false,
    "reviewCount": 4,
    "rating": 4.1
  },
  {
    "name": "Honiton Launderette",
    "address": "12 High St, Honiton, EX14 1PR (Est)",
    "city": "Exeter",
    "lat": 50.7950,
    "lng": -3.2000,
    "features": ["Self-Service", "Coin-Op"],
    "openingHours": "Mon-Sun: 7:00am - 8:00pm",
    "website": "",
    "isPremium": false,
    "reviewCount": 2,
    "rating": 3.9
  },
  {
    "name": "Bideford Dry Cleaners & Launderette",
    "address": "19 High St, Bideford, EX39 2AA (Est)",
    "city": "Exeter",
    "lat": 51.0100,
    "lng": -4.2100,
    "features": ["Dry Cleaning", "Service Wash", "Clean Facilities"],
    "openingHours": "Mon-Sat: 9:00am - 7:30pm, Sun: Closed",
    "website": "https://www.yell.com/biz/bideford-dry-cleaners-and-launderette-bideford-10332296/",
    "isPremium": true,
    "reviewCount": 3,
    "rating": 5.0
  },
  {
    "name": "Coinwash - Plymstock Launderette",
    "address": "12 Radford Park Rd, Plymstock, Plymouth, PL9 9DH",
    "city": "Plymouth",
    "lat": 50.3600,
    "lng": -4.0800,
    "features": ["Self-Service", "Duvet Cleaning", "Change Machine", "Free Parking"],
    "openingHours": "Mon-Sun: 7:30am - 9:00pm",
    "website": "https://www.yell.com/biz/coinwash-plymstock-launderette-plymouth-2953740/",
    "isPremium": true,
    "reviewCount": 18,
    "rating": 4.5
  },
  {
    "name": "Bubbles Launderette (Devonport)",
    "address": "232 Albert Rd, Devonport, Plymouth, PL2 1AW",
    "city": "Plymouth",
    "lat": 50.3700,
    "lng": -4.1800,
    "features": ["Self-Service", "Service Wash", "Free Collection/Delivery", "Dry Cleaning"],
    "openingHours": "Mon-Sun: 8:00am - 8:00pm (Serviced Mon-Fri 8am-2:30pm)",
    "website": "http://www.ebubbles.co.uk/",
    "isPremium": true,
    "reviewCount": 12,
    "rating": 4.2
  },
  {
    "name": "Love2Laundry Plymouth (Collection/Delivery)",
    "address": "Servicing PL postcodes (Virtual Listing)",
    "city": "Plymouth",
    "lat": 50.3600,
    "lng": -4.1000,
    "features": ["Collection/Delivery", "24hr Turnaround", "App Service", "Dry Cleaning"],
    "openingHours": "24/7 Booking",
    "website": "https://www.love2laundry.com/",
    "isPremium": true,
    "reviewCount": 20,
    "rating": 4.6
  },
  {
    "name": "Hoegate Launderette",
    "address": "55 Notte St, Plymouth, PL1 2AG",
    "city": "Plymouth",
    "lat": 50.3650,
    "lng": -4.1400,
    "features": ["Self-Service", "Long Established (40 years)", "Contract Work"],
    "openingHours": "Mon-Fri: 8:30am - 6:00pm, Sat: 9:00am - 5:00pm, Sun: Closed",
    "website": "https://www.yell.com/biz/hoegate-launderette-plymouth-9252309/",
    "isPremium": false,
    "reviewCount": 5,
    "rating": 3.8
  },
  {
    "name": "Mayflower Launderette Dry Cleaners",
    "address": "54 Ebrington Street, Plymouth, PL4 9AF",
    "city": "Plymouth",
    "lat": 50.3730,
    "lng": -4.1320,
    "features": ["Dry Cleaning (In-House)", "Laundry", "Same-Day (Dry Clean)", "Family Run"],
    "openingHours": "Mon-Fri: 9:00am - 5:00pm, Sat-Sun: Closed",
    "website": "https://www.mayflowerlaunderette.co.uk/",
    "isPremium": true,
    "reviewCount": 8,
    "rating": 4.5
  },
  {
    "name": "U Wash Launderette (Mutley Plain)",
    "address": "10 Mutley Plain, Plymouth, PL4 6LA",
    "city": "Plymouth",
    "lat": 50.3800,
    "lng": -4.1350,
    "features": ["Self-Service", "Coin-Op", "Student Area"],
    "openingHours": "Mon-Sun: 7:00am - 9:00pm",
    "website": "https://directory.plymouthherald.co.uk/company/438218397261825",
    "isPremium": false,
    "reviewCount": 4,
    "rating": 4.0
  },
  {
    "name": "Ocean City Laundry (Embankment Rd)",
    "address": "78 Embankment Rd, Plymouth, PL4 9HY",
    "city": "Plymouth",
    "lat": 50.3710,
    "lng": -4.1150,
    "features": ["Laundry Services", "Good Value", "Quick Service"],
    "openingHours": "Mon-Fri: 8:30am - 5:00pm, Sat: 9:00am - 1:00pm, Sun: Closed",
    "website": "https://www.yell.com/biz/ocean-city-laundry-ltd-plymouth-10410520/",
    "isPremium": false,
    "reviewCount": 5,
    "rating": 3.0
  },
  {
    "name": "Whites Dry Cleaners (Transit Way)",
    "address": "Transit Way, Plymouth, PL5 3TW",
    "city": "Plymouth",
    "lat": 50.3950,
    "lng": -4.1500,
    "features": ["Dry Cleaning", "Free Parking", "Duvet Cleaning"],
    "openingHours": "Mon-Sat: 8:30am - 6:00pm, Sun: Closed",
    "website": "https://www.whitesdrycleaning.co.uk/",
    "isPremium": true,
    "reviewCount": 3,
    "rating": 4.4
  },
  {
    "name": "Saltash Launderette",
    "address": "5 Fore St, Saltash, PL12 6AB (Est)",
    "city": "Plymouth",
    "lat": 50.4080,
    "lng": -4.2050,
    "features": ["Launderette", "Service Wash", "Border Town Focus"],
    "openingHours": "Mon-Sat: 8:00am - 6:00pm, Sun: Closed",
    "website": "",
    "isPremium": false,
    "reviewCount": 4,
    "rating": 4.1
  },
  {
    "name": "Plympton Launderette",
    "address": "15 The Ridgeway, Plympton, PL7 2AG (Est)",
    "city": "Plymouth",
    "lat": 50.3900,
    "lng": -4.0100,
    "features": ["Self-Service", "Service Wash (Partial)"],
    "openingHours": "Mon-Sun: 7:00am - 9:00pm",
    "website": "",
    "isPremium": false,
    "reviewCount": 3,
    "rating": 3.9
  }
]
