[
  {
    "name": "Bell Launderette",
    "address": "79 Prince Avenue, Southend-On-Sea, SS2 6RL",
    "city": "Southend-on-Sea",
    "lat": 51.5540,
    "lng": 0.6970,
    "features": [
      "Self-Service",
      "Service Wash",
      "Coin-Op",
      "Long Hours"
    ],
    "openingHours": "Mon-Sun: 8:00am - 8:00pm",
    "website": "https://www.yell.com/biz/bell-launderette-southend-on-sea-3464933/",
    "isPremium": false,
    "reviewCount": 18,
    "rating": 4.5
  },
  {
    "name": "Fairfax Launderette",
    "address": "167 Fairmead Avenue, Westcliff-on-Sea, SS0 9SD",
    "city": "Southend-on-Sea",
    "lat": 51.5430,
    "lng": 0.6860,
    "features": [
      "DIY Coin-Op",
      "Service Wash",
      "Collection/Delivery",
      "Family Run"
    ],
    "openingHours": "Mon-Sun: 8:00am - 8:00pm",
    "website": "https://fairfaxlaunderette.co.uk/",
    "isPremium": true,
    "reviewCount": 15,
    "rating": 4.7
  },
  {
    "name": "Jean's Launderette",
    "address": "25 Milton Rd, Southend-on-Sea, SS1 2RF (Est)",
    "city": "Southend-on-Sea",
    "lat": 51.5430,
    "lng": 0.7100,
    "features": [
      "Dry Cleaning",
      "Ironing",
      "Service Wash",
      "Rug Cleaning"
    ],
    "openingHours": "Mon-Sat: 8:30am - 5:30pm, Sun: Closed",
    "website": "https://www.jeanslaundrette.co.uk/",
    "isPremium": true,
    "reviewCount": 10,
    "rating": 4.6
  },
  {
    "name": "Millennium Dry Cleaners",
    "address": "54 London Rd, Southend-On-Sea, SS1 1NX",
    "city": "Southend-on-Sea",
    "lat": 51.5410,
    "lng": 0.7060,
    "features": [
      "Dry Cleaning",
      "Ironing",
      "Airbnb Service",
      "Quick Turnaround"
    ],
    "openingHours": "Mon-Sat: 8:00am - 6:00pm, Sun: Closed",
    "website": "https://www.millenniumdrycleaning.co.uk/",
    "isPremium": true,
    "reviewCount": 12,
    "rating": 4.5
  },
  {
    "name": "Rayleigh Launderette",
    "address": "119 High St, Rayleigh, SS6 7QB",
    "city": "Southend-on-Sea",
    "lat": 51.5830,
    "lng": 0.6050,
    "features": [
      "Self-Service",
      "Service Wash",
      "Town Centre",
      "Duvet Cleaning"
    ],
    "openingHours": "Mon-Sun: 7:30am - 8:30pm",
    "website": "",
    "isPremium": false,
    "reviewCount": 7,
    "rating": 4.2
  },
  {
    "name": "Leigh-on-Sea Launderette",
    "address": "81 Broadway, Leigh-on-Sea, SS9 1PE (Est)",
    "city": "Southend-on-Sea",
    "lat": 51.5450,
    "lng": 0.6470,
    "features": [
      "Self-Service",
      "Attended (Partial)",
      "Coastal Location"
    ],
    "openingHours": "Mon-Sun: 8:00am - 7:00pm",
    "website": "",
    "isPremium": false,
    "reviewCount": 5,
    "rating": 4.0
  },
  {
    "name": "Love2Laundry Southend (Collection/Delivery)",
    "address": "Servicing SS postcodes (Virtual Listing)",
    "city": "Southend-on-Sea",
    "lat": 51.5400,
    "lng": 0.7000,
    "features": [
      "Collection/Delivery",
      "24hr Turnaround",
      "App Service",
      "Dry Cleaning"
    ],
    "openingHours": "24/7 Booking",
    "website": "https://www.love2laundry.com/",
    "isPremium": true,
    "reviewCount": 18,
    "rating": 4.7
  },
  {
    "name": "Timpson Dry Cleaning (Tesco Agent)",
    "address": "Tesco Extra, Prince Ave, Southend-on-Sea, SS2 6LA",
    "city": "Southend-on-Sea",
    "lat": 51.5540,
    "lng": 0.6970,
    "features": [
      "Dry Cleaning Drop-Off",
      "In-Store Agent",
      "Key Cutting"
    ],
    "openingHours": "Mon-Sat: 9:00am - 6:00pm, Sun: 10:00am - 4:00pm",
    "website": "https://www.timpson.co.uk/",
    "isPremium": true,
    "reviewCount": 4,
    "rating": 4.1
  },
  {
    "name": "Rochford Launderette",
    "address": "15 North St, Rochford, SS4 1AB (Est)",
    "city": "Southend-on-Sea",
    "lat": 51.5750,
    "lng": 0.7000,
    "features": [
      "Self-Service",
      "Service Wash",
      "Village Focus"
    ],
    "openingHours": "Mon-Fri: 8:30am - 5:00pm, Sat: 8:30am - 1:00pm, Sun: Closed",
    "website": "",
    "isPremium": false,
    "reviewCount": 3,
    "rating": 3.9
  },
  {
    "name": "Shoeburyness Launderette",
    "address": "14 Ness Rd, Shoeburyness, SS3 9DA (Est)",
    "city": "Southend-on-Sea",
    "lat": 51.5300,
    "lng": 0.7960,
    "features": [
      "Launderette",
      "Coin-Op",
      "Coastal Location"
    ],
    "openingHours": "Mon-Sun: 8:00am - 7:00pm",
    "website": "",
    "isPremium": false,
    "reviewCount": 4,
    "rating": 4.0
  },
  {
    "name": "The Canterbury Launderette",
    "address": "4 Nunnery Fields, Canterbury, CT1 3JN",
    "city": "Canterbury",
    "lat": 51.2720,
    "lng": 1.0770,
    "features": [
      "Fully Attended",
      "Service Wash",
      "Dry Cleaning Agent",
      "Clean Facilities"
    ],
    "openingHours": "Mon-Sat: 9:00am - 5:00pm, Sun: Closed",
    "website": "https://www.yell.com/biz/the-canterbury-launderette-canterbury-2954656/",
    "isPremium": true,
    "reviewCount": 15,
    "rating": 4.5
  },
  {
    "name": "Westgate Dry Cleaners & Launderette",
    "address": "91 St. Dunstans St, Canterbury, CT2 8AD (Est)",
    "city": "Canterbury",
    "lat": 51.2800,
    "lng": 1.0700,
    "features": [
      "Dry Cleaning",
      "Repairs/Alterations",
      "Service Wash"
    ],
    "openingHours": "Mon-Sat: 8:30am - 6:00pm, Sun: Closed",
    "website": "https://www.westgatedrycleaners.co.uk/",
    "isPremium": true,
    "reviewCount": 8,
    "rating": 4.3
  },
  {
    "name": "Love2Laundry Canterbury (Collection/Delivery)",
    "address": "Servicing CT postcodes (Virtual Listing)",
    "city": "Canterbury",
    "lat": 51.2780,
    "lng": 1.0800,
    "features": [
      "Collection/Delivery",
      "24hr Turnaround",
      "App Service",
      "Dry Cleaning"
    ],
    "openingHours": "24/7 Booking",
    "website": "https://www.love2laundry.com/",
    "isPremium": true,
    "reviewCount": 10,
    "rating": 4.6
  },
  {
    "name": "Laundryswift (Collection/Delivery)",
    "address": "1 Petchell Mews, Canterbury, CT1 1LB (Virtual Listing)",
    "city": "Canterbury",
    "lat": 51.2770,
    "lng": 1.0800,
    "features": [
      "FREE Collection/Delivery",
      "Ironing Service",
      "Online Booking"
    ],
    "openingHours": "Mon-Sun: 7:00am - 9:00pm",
    "website": "https://laundryswift.co.uk/",
    "isPremium": true,
    "reviewCount": 7,
    "rating": 4.5
  },
  {
    "name": "Whitstable Launderette",
    "address": "5 Harbour St, Whitstable, CT5 1AG (Est)",
    "city": "Canterbury",
    "lat": 51.3600,
    "lng": 1.0300,
    "features": [
      "Coastal Location",
      "Self-Service",
      "Service Wash"
    ],
    "openingHours": "Mon-Sun: 7:00am - 7:00pm",
    "website": "",
    "isPremium": false,
    "reviewCount": 6,
    "rating": 4.1
  },
  {
    "name": "Herne Bay Launderette",
    "address": "5 Central Parade, Herne Bay, CT6 5AP (Est)",
    "city": "Canterbury",
    "lat": 51.3700,
    "lng": 1.1200,
    "features": [
      "Launderette",
      "Dry Cleaning Agent",
      "Coastal Location"
    ],
    "openingHours": "Mon-Sat: 8:30am - 5:00pm, Sun: Closed",
    "website": "",
    "isPremium": false,
    "reviewCount": 4,
    "rating": 3.9
  },
  {
    "name": "Sandwich Launderette",
    "address": "2 Guildhall St, Sandwich, CT13 9PZ (Est)",
    "city": "Canterbury",
    "lat": 51.2750,
    "lng": 1.3340,
    "features": [
      "Self-Service",
      "Service Wash",
      "Rural Town Focus"
    ],
    "openingHours": "Mon-Fri: 8:00am - 5:30pm, Sat: 8:00am - 1:00pm, Sun: Closed",
    "website": "",
    "isPremium": false,
    "reviewCount": 3,
    "rating": 4.0
  },
  {
    "name": "Faversham Launderette",
    "address": "15 East St, Faversham, ME13 8AT (Est)",
    "city": "Canterbury",
    "lat": 51.3200,
    "lng": 0.8900,
    "features": [
      "Launderette",
      "Coin-Op",
      "Attended (Partial)"
    ],
    "openingHours": "Mon-Sun: 7:00am - 8:00pm",
    "website": "",
    "isPremium": false,
    "reviewCount": 5,
    "rating": 4.2
  },
  {
    "name": "Ashford Launderette",
    "address": "3 High St, Ashford, TN24 8TQ (Est)",
    "city": "Canterbury",
    "lat": 51.1460,
    "lng": 0.8710,
    "features": [
      "Self-Service",
      "Large Machines",
      "Town Centre"
    ],
    "openingHours": "Mon-Sun: 6:00am - 9:00pm",
    "website": "",
    "isPremium": false,
    "reviewCount": 10,
    "rating": 4.3
  },
  {
    "name": "Dover Launderette (The Mangle)",
    "address": "21 Worthington St, Dover, CT17 9AQ (Est)",
    "city": "Canterbury",
    "lat": 51.1280,
    "lng": 1.3090,
    "features": [
      "Self-Service",
      "Service Wash",
      "Attended (Partial)"
    ],
    "openingHours": "Mon-Sat: 8:00am - 6:00pm, Sun: Closed",
    "website": "",
    "isPremium": false,
    "reviewCount": 8,
    "rating": 4.1
  },
  {
    "name": "Rainham Laundrette",
    "address": "35 Station Rd, Rainham, Gillingham, ME8 7RS",
    "city": "Gillingham",
    "lat": 51.3780,
    "lng": 0.5900,
    "features": [
      "Fully Staffed",
      "Self-Service",
      "Free Collection/Delivery",
      "Ironing Service"
    ],
    "openingHours": "Mon-Fri: 6:00am - 9:00pm, Sat: 9:00am - 7:00pm, Sun: 10:00am - 6:00pm",
    "website": "https://www.yell.com/biz/rainham-launderette-gillingham-7190066/",
    "isPremium": true,
    "reviewCount": 16,
    "rating": 4.8
  },
  {
    "name": "Monarch Launderette (Maidstone)",
    "address": "140c Ashford Rd, Maidstone, ME14 4NA (Est)",
    "city": "Gillingham",
    "lat": 51.2760,
    "lng": 0.5500,
    "features": [
      "24hr Launderette",
      "Duvet Cleaning",
      "Shirt Service",
      "Dry Cleaning"
    ],
    "openingHours": "24/7",
    "website": "",
    "isPremium": false,
    "reviewCount": 10,
    "rating": 4.2
  },
  {
    "name": "Advance Laundry Services (Chatham)",
    "address": "36 New Rd, Chatham, ME4 6BE (Est)",
    "city": "Gillingham",
    "lat": 51.3800,
    "lng": 0.5280,
    "features": [
      "Local Collection/Delivery",
      "Self-Service",
      "Dry Cleaning",
      "20+ Years Experience"
    ],
    "openingHours": "Mon-Sat: 9:00am - 5:00pm, Sun: Closed",
    "website": "https://www.yell.com/biz/advance-laundry-services-chatham-901111956/",
    "isPremium": true,
    "reviewCount": 11,
    "rating": 4.8
  },
  {
    "name": "Love2Laundry Gillingham (Collection/Delivery)",
    "address": "Servicing ME postcodes (Virtual Listing)",
    "city": "Gillingham",
    "lat": 51.3850,
    "lng": 0.5500,
    "features": [
      "Collection/Delivery",
      "24hr Turnaround",
      "App Service",
      "Dry Cleaning"
    ],
    "openingHours": "24/7 Booking",
    "website": "https://www.love2laundry.com/",
    "isPremium": true,
    "reviewCount": 14,
    "rating": 4.5
  },
  {
    "name": "Timpson Dry Cleaning (Tesco Agent)",
    "address": "Tesco, Courtney Road, Gillingham, ME8 0GX",
    "city": "Gillingham",
    "lat": 51.3930,
    "lng": 0.5750,
    "features": [
      "Dry Cleaning Drop-Off",
      "In-Store Agent",
      "Key Cutting"
    ],
    "openingHours": "Mon-Sat: 9:00am - 6:00pm, Sun: 10:00am - 4:00pm",
    "website": "https://www.timpson.co.uk/",
    "isPremium": true,
    "reviewCount": 5,
    "rating": 4.0
  },
  {
    "name": "Organic Dry Cleaner (Gillingham)",
    "address": "44 Hoath Lane, Wigmore, Gillingham, ME8 0SW",
    "city": "Gillingham",
    "lat": 51.3750,
    "lng": 0.5700,
    "features": [
      "Eco-Friendly",
      "Dry Cleaning",
      "Local Service",
      "Collection/Delivery"
    ],
    "openingHours": "Mon-Fri: 8:00am - 8:00pm, Sat: 8:00am - 6:00pm, Sun: 10:00am - 2:00pm",
    "website": "https://organicdrycleaner.co.uk/",
    "isPremium": true,
    "reviewCount": 8,
    "rating": 4.7
  },
  {
    "name": "Lords Specialist Dry Cleaners (Chatham)",
    "address": "3 Admirals Walk, Chatham, ME5 8NL",
    "city": "Gillingham",
    "lat": 51.3750,
    "lng": 0.5000,
    "features": [
      "Dry Cleaning",
      "Repairs/Alterations",
      "Service Wash"
    ],
    "openingHours": "Mon-Sat: 9:00am - 5:00pm, Sun: Closed",
    "website": "",
    "isPremium": true,
    "reviewCount": 5,
    "rating": 4.3
  },
  {
    "name": "Maidstone Launderette",
    "address": "5 Loose Rd, Maidstone, ME15 6BH (Est)",
    "city": "Gillingham",
    "lat": 51.2750,
    "lng": 0.5300,
    "features": [
      "Self-Service",
      "Service Wash",
      "Duvet Cleaning"
    ],
    "openingHours": "Mon-Sun: 7:00am - 9:00pm",
    "website": "",
    "isPremium": false,
    "reviewCount": 8,
    "rating": 4.1
  },
  {
    "name": "Medway Dry Cleaners (Strood)",
    "address": "2 Commercial Rd, Strood, Rochester, ME2 2AD (Est)",
    "city": "Gillingham",
    "lat": 51.3910,
    "lng": 0.4900,
    "features": [
      "Dry Cleaning",
      "Repairs/Alterations",
      "Shirt Service"
    ],
    "openingHours": "Mon-Fri: 8:00am - 6:00pm, Sat: 8:00am - 4:00pm, Sun: Closed",
    "website": "",
    "isPremium": false,
    "reviewCount": 4,
    "rating": 4.0
  },
  {
    "name": "Tubs & Bubbles (Gravesend)",
    "address": "12 Whinfell Way, Gravesend, DA12 4RU (Est)",
    "city": "Gillingham",
    "lat": 51.4280,
    "lng": 0.3800,
    "features": [
      "Coin-Op",
      "Launderette",
      "Self-Service"
    ],
    "openingHours": "Mon-Sun: 7:00am - 9:00pm",
    "website": "",
    "isPremium": false,
    "reviewCount": 3,
    "rating": 3.9
  },
  {
    "name": "Lantern Launderette (Folkestone)",
    "address": "9 The Old High St, Folkestone, CT20 1RJ",
    "city": "Folkestone",
    "lat": 51.0800,
    "lng": 1.1850,
    "features": [
      "Longest Established",
      "Service Wash",
      "Coin-Op",
      "Eco-Friendly Detergents"
    ],
    "openingHours": "Mon-Sat: 8:30am - 8:00pm, Sun: 10:00am - 4:00pm",
    "website": "https://www.lanternlaunderette.co.uk/",
    "isPremium": true,
    "reviewCount": 18,
    "rating": 4.5
  },
  {
    "name": "Posh Wash Laundrette Services",
    "address": "352 Cheriton Rd, Folkestone, CT19 4DS",
    "city": "Folkestone",
    "lat": 51.0860,
    "lng": 1.1570,
    "features": [
      "WetCare (Eco-Friendly Dry Cleaning)",
      "Service Washes",
      "Ironing",
      "35+ Years Experience"
    ],
    "openingHours": "Mon-Sat: 8:00am - 6:00pm, Sun: Closed",
    "website": "https://www.poshwashlaunderette.co.uk/",
    "isPremium": true,
    "reviewCount": 25,
    "rating": 5.0
  },
  {
    "name": "Revolution Laundry (Morrisons Cheriton)",
    "address": "Morrisons, 148 Cheriton Road, Folkestone, CT19 5JU",
    "city": "Folkestone",
    "lat": 51.0850,
    "lng": 1.1590,
    "features": [
      "24/7 Outdoor Machine",
      "Large Capacity",
      "Card Payment"
    ],
    "openingHours": "24/7",
    "website": "https://stores.revolution-laundry.com/",
    "isPremium": false,
    "reviewCount": 10,
    "rating": 4.1
  },
  {
    "name": "Posh Press Dry Cleaners & Launderette",
    "address": "2 St. Georges Terrace, Folkestone, CT19 4BB",
    "city": "Folkestone",
    "lat": 51.0770,
    "lng": 1.1680,
    "features": [
      "Dry Cleaning",
      "Tailoring",
      "Ironing",
      "Service Wash"
    ],
    "openingHours": "Mon-Fri: 9:00am - 7:00pm, Sat: 9:00am - 5:00pm, Sun: Closed",
    "website": "https://www.yell.com/biz/posh-press-dry-cleaners-and-launderette-folkestone-10114138/",
    "isPremium": true,
    "reviewCount": 6,
    "rating": 5.0
  },
  {
    "name": "Love2Laundry Folkestone (Collection/Delivery)",
    "address": "Servicing CT postcodes (Virtual Listing)",
    "city": "Folkestone",
    "lat": 51.0790,
    "lng": 1.1800,
    "features": [
      "Collection/Delivery",
      "24hr Turnaround",
      "App Service"
    ],
    "openingHours": "24/7 Booking",
    "website": "https://www.love2laundry.com/",
    "isPremium": true,
    "reviewCount": 12,
    "rating": 4.4
  },
  {
    "name": "Hythe Launderette",
    "address": "44a High St, Hythe, CT21 5AT (Est)",
    "city": "Folkestone",
    "lat": 51.0720,
    "lng": 1.0800,
    "features": [
      "Self-Service",
      "Service Wash",
      "Repairs/Alterations",
      "Town Centre"
    ],
    "openingHours": "Mon-Fri: 9:00am - 5:00pm, Sat: 9:00am - 1:00pm, Sun: Closed",
    "website": "https://www.yell.com/biz/the-tailor-of-hythe-hythe-8798991/",
    "isPremium": false,
    "reviewCount": 9,
    "rating": 4.6
  },
  {
    "name": "Dover Launderette (Castle Street)",
    "address": "15 Castle St, Dover, CT16 1QJ (Est)",
    "city": "Folkestone",
    "lat": 51.1270,
    "lng": 1.3120,
    "features": [
      "Launderette",
      "Coin-Op",
      "Duvet Cleaning"
    ],
    "openingHours": "Mon-Sun: 7:00am - 8:00pm",
    "website": "",
    "isPremium": false,
    "reviewCount": 4,
    "rating": 3.9
  },
  {
    "name": "Ashford Launderette (High St)",
    "address": "3 High St, Ashford, TN24 8TG (Est)",
    "city": "Folkestone",
    "lat": 51.1460,
    "lng": 0.8710,
    "features": [
      "Self-Service",
      "Service Wash",
      "Dry Cleaning Agent"
    ],
    "openingHours": "Mon-Sun: 6:00am - 9:00pm",
    "website": "",
    "isPremium": false,
    "reviewCount": 10,
    "rating": 4.3
  },
  {
    "name": "Sandgate Launderette",
    "address": "5 Sandgate High St, Folkestone, CT20 3BD (Est)",
    "city": "Folkestone",
    "lat": 51.0660,
    "lng": 1.1500,
    "features": [
      "Self-Service",
      "Attended (Partial)",
      "Coastal Location"
    ],
    "openingHours": "Mon-Sat: 8:00am - 6:00pm, Sun: Closed",
    "website": "",
    "isPremium": false,
    "reviewCount": 5,
    "rating": 4.0
  },
  {
    "name": "Washing Wizards (Folkestone)",
    "address": "122 Canterbury Rd, Folkestone, CT19 5NR",
    "city": "Folkestone",
    "lat": 51.0880,
    "lng": 1.1640,
    "features": [
      "Ironing Service",
      "Duvet Cleans",
      "Collection/Delivery"
    ],
    "openingHours": "Mon-Sat: 8:30am - 5:00pm, Sun: Closed",
    "website": "https://thewashingwizards.com/",
    "isPremium": true,
    "reviewCount": 6,
    "rating": 4.8
  },
  {
    "name": "The Steamie Launderette",
    "address": "53-55 Mount Rd, Hastings, TN35 5LA",
    "city": "Hastings",
    "lat": 50.8520,
    "lng": 0.5900,
    "features": [
      "Self-Service",
      "Service Wash",
      "Duvet Cleaning",
      "Early Opener"
    ],
    "openingHours": "Mon-Fri: 7:00am - 7:00pm, Sat: 7:00am - 5:00pm, Sun: Closed",
    "website": "https://www.yell.com/biz/the-steamie-hastings-10332345/",
    "isPremium": false,
    "reviewCount": 8,
    "rating": 4.2
  },
  {
    "name": "Old Town Launderette (Hastings)",
    "address": "44 High St, Hastings, TN34 3EN",
    "city": "Hastings",
    "lat": 50.8550,
    "lng": 0.5800,
    "features": [
      "Self-Service",
      "Service Wash",
      "24/7 Hours"
    ],
    "openingHours": "24/7",
    "website": "https://www.yell.com/biz/old-town-launderette-hastings-10332274/",
    "isPremium": false,
    "reviewCount": 10,
    "rating": 4.0
  },
  {
    "name": "Laundry Ninjas",
    "address": "Unit 5, Moorhurst Rd, Hastings, TN38 9NA",
    "city": "Hastings",
    "lat": 50.8650,
    "lng": 0.5100,
    "features": [
      "Collection/Delivery",
      "Ironing",
      "Duvet Cleaning",
      "Award Winning"
    ],
    "openingHours": "Tue-Fri: 9:00am - 2:00pm (Drop-off only), 24hr Collection/Delivery",
    "website": "https://www.laundryninjas.co.uk/",
    "isPremium": true,
    "reviewCount": 20,
    "rating": 5.0
  },
  {
    "name": "Wash In (St Leonards-on-Sea)",
    "address": "42 London Rd, St. Leonards-On-Sea, TN37 6AN",
    "city": "Hastings",
    "lat": 50.8520,
    "lng": 0.5570,
    "features": [
      "Self-Service",
      "Service Wash",
      "Drying Facilities"
    ],
    "openingHours": "Mon-Sun: 8:00am - 7:00pm",
    "website": "https://www.yell.com/biz/wash-in-st-leonards-on-sea-10114088/",
    "isPremium": false,
    "reviewCount": 6,
    "rating": 4.2
  },
  {
    "name": "Timpson Dry Cleaning (Sainsbury's)",
    "address": "Sainsbury's, John MacAdam Way, Hastings, TN37 7SQ",
    "city": "Hastings",
    "lat": 50.8800,
    "lng": 0.5360,
    "features": [
      "Dry Cleaning Drop-Off",
      "In-Store Agent",
      "Key Cutting"
    ],
    "openingHours": "Mon-Sat: 9:00am - 6:00pm, Sun: 10:00am - 4:00pm",
    "website": "https://www.timpson.co.uk/",
    "isPremium": true,
    "reviewCount": 5,
    "rating": 4.1
  },
  {
    "name": "Love2Laundry Hastings (Collection/Delivery)",
    "address": "Servicing TN postcodes (Virtual Listing)",
    "city": "Hastings",
    "lat": 50.8600,
    "lng": 0.5700,
    "features": [
      "Collection/Delivery",
      "24hr Turnaround",
      "App Service",
      "Dry Cleaning"
    ],
    "openingHours": "24/7 Booking",
    "website": "https://www.love2laundry.com/",
    "isPremium": true,
    "reviewCount": 15,
    "rating": 4.6
  },
  {
    "name": "Bexhill Launderette",
    "address": "32 Sackville Rd, Bexhill-On-Sea, TN39 3JL",
    "city": "Hastings",
    "lat": 50.8440,
    "lng": 0.4630,
    "features": [
      "Launderette",
      "Self-Service",
      "Late Close"
    ],
    "openingHours": "Mon-Sun: 8:00am - 9:00pm",
    "website": "https://www.yell.com/biz/bexhill-launderette-bexhill-on-sea-10114112/",
    "isPremium": false,
    "reviewCount": 7,
    "rating": 4.2
  },
  {
    "name": "The Laundry Room (Rye)",
    "address": "2 Tower St, Rye, TN31 7PU (Est)",
    "city": "Hastings",
    "lat": 50.9500,
    "lng": 0.7300,
    "features": [
      "Self-Service",
      "Service Wash",
      "Historic Town Location"
    ],
    "openingHours": "Mon-Sat: 8:30am - 5:30pm, Sun: Closed",
    "website": "",
    "isPremium": false,
    "reviewCount": 3,
    "rating": 4.0
  },
  {
    "name": "Whiter Than White",
    "address": "Little Common Road, Bexhill-On-Sea, TN39 4SD (Est)",
    "city": "Hastings",
    "lat": 50.8350,
    "lng": 0.4400,
    "features": [
      "Self-Service",
      "Attended (Partial)",
      "Duvet Cleaning"
    ],
    "openingHours": "Mon-Sat: 8:00am - 6:00pm, Sun: Closed",
    "website": "https://www.yell.com/biz/whiter-than-white-bexhill-on-sea-10114098/",
    "isPremium": false,
    "reviewCount": 4,
    "rating": 4.1
  },
  {
    "name": "Revolution Laundry (Bexhill Rd)",
    "address": "286 Bexhill Road, St Leonards On Sea, TN38 8BH",
    "city": "Hastings",
    "lat": 50.8510,
    "lng": 0.5230,
    "features": [
      "24/7 Outdoor Machine",
      "Service Station Location",
      "Card Payment"
    ],
    "openingHours": "24/7",
    "website": "https://stores.revolution-laundry.com/",
    "isPremium": false,
    "reviewCount": 8,
    "rating": 3.8
  },
  {
    "name": "Meads Laundromat",
    "address": "15 Meads St, Eastbourne, BN20 7QJ",
    "city": "Eastbourne",
    "lat": 50.7670,
    "lng": 0.2780,
    "features": [
      "Self-Service",
      "Service Wash",
      "Dry Cleaning",
      "35+ Years Established"
    ],
    "openingHours": "Mon-Sun: 8:00am - 7:00pm (Last wash 6:00pm)",
    "website": "https://meadslaundromat.co.uk/",
    "isPremium": true,
    "reviewCount": 20,
    "rating": 4.8
  },
  {
    "name": "The Eastbourne Launderette",
    "address": "46 Seaside, Eastbourne, BN22 7QJ",
    "city": "Eastbourne",
    "lat": 50.7710,
    "lng": 0.2850,
    "features": [
      "Service Wash",
      "Duvet Cleaning",
      "Assorted Newspapers",
      "Collection/Delivery (Partial)"
    ],
    "openingHours": "Mon-Fri: 8:30am - 5:30pm, Sat: 8:30am - 5:30pm, Sun: Closed",
    "website": "https://eastbournelaunderette.com/",
    "isPremium": true,
    "reviewCount": 15,
    "rating": 4.5
  },
  {
    "name": "The Grove Laundrette",
    "address": "41 Grove Rd, Eastbourne, BN21 4TX",
    "city": "Eastbourne",
    "lat": 50.7700,
    "lng": 0.2800,
    "features": [
      "Attended",
      "Self-Service",
      "Dry Cleaning Agent"
    ],
    "openingHours": "Mon-Sat: 7:30am - 6:30pm, Sun: Closed",
    "website": "https://www.yell.com/biz/the-grove-laundrette-eastbourne-10023403/",
    "isPremium": false,
    "reviewCount": 10,
    "rating": 5.0
  },
  {
    "name": "Love2Laundry Eastbourne (Collection/Delivery)",
    "address": "Servicing BN postcodes (Virtual Listing)",
    "city": "Eastbourne",
    "lat": 50.7700,
    "lng": 0.2700,
    "features": [
      "Collection/Delivery",
      "24hr Turnaround",
      "App Service",
      "Dry Cleaning"
    ],
    "openingHours": "24/7 Booking",
    "website": "https://www.love2laundry.com/",
    "isPremium": true,
    "reviewCount": 14,
    "rating": 4.6
  },
  {
    "name": "Johnsons Cleaners (Terminus Rd)",
    "address": "36 Terminus Rd, Eastbourne, BN21 3LP",
    "city": "Eastbourne",
    "lat": 50.7670,
    "lng": 0.2870,
    "features": [
      "Dry Cleaning",
      "Repairs/Alterations",
      "In-Store Agent"
    ],
    "openingHours": "Mon-Fri: 8:30am - 6:00pm, Sat: 8:30am - 5:00pm, Sun: Closed",
    "website": "https://www.johnsoncleaners.com/",
    "isPremium": true,
    "reviewCount": 5,
    "rating": 4.5
  },
  {
    "name": "The Laundry Basket (Eastbourne)",
    "address": "106 Green St, Eastbourne, BN21 1RR",
    "city": "Eastbourne",
    "lat": 50.7670,
    "lng": 0.2600,
    "features": [
      "Ironing Service",
      "Laundry Service",
      "Collection/Delivery (Partial)"
    ],
    "openingHours": "Mon-Fri: 9:00am - 5:00pm, Sat-Sun: Closed",
    "website": "https://www.yell.com/biz/the-laundry-basket-eastbourne-9310626/",
    "isPremium": true,
    "reviewCount": 5,
    "rating": 5.0
  },
  {
    "name": "Pevensey Launderette",
    "address": "5 High St, Pevensey, BN24 5AB (Est)",
    "city": "Eastbourne",
    "lat": 50.8170,
    "lng": 0.3340,
    "features": [
      "Self-Service",
      "Service Wash",
      "Village Focus"
    ],
    "openingHours": "Mon-Sun: 7:00am - 8:00pm",
    "website": "",
    "isPremium": false,
    "reviewCount": 4,
    "rating": 4.1
  },
  {
    "name": "Hailsham Launderette",
    "address": "5 High St, Hailsham, BN27 1AR (Est)",
    "city": "Eastbourne",
    "lat": 50.8600,
    "lng": 0.2550,
    "features": [
      "Launderette",
      "Coin-Op",
      "Duvet Cleaning"
    ],
    "openingHours": "Mon-Sat: 8:30am - 5:00pm, Sun: Closed",
    "website": "",
    "isPremium": false,
    "reviewCount": 6,
    "rating": 4.3
  },
  {
    "name": "Lewes Launderette",
    "address": "2 Friars Walk, Lewes, BN7 2NN (Est)",
    "city": "Eastbourne",
    "lat": 50.8710,
    "lng": 0.0070,
    "features": [
      "Self-Service",
      "Service Wash",
      "Attended (Partial)"
    ],
    "openingHours": "Mon-Sat: 8:00am - 6:00pm, Sun: Closed",
    "website": "",
    "isPremium": false,
    "reviewCount": 5,
    "rating": 4.0
  },
  {
    "name": "Seaford Launderette",
    "address": "3 The Old Town Hall, Seaford, BN25 1AP (Est)",
    "city": "Eastbourne",
    "lat": 50.7710,
    "lng": 0.0820,
    "features": [
      "Launderette",
      "Dry Cleaning Agent",
      "Coastal Location"
    ],
    "openingHours": "Mon-Sat: 8:30am - 5:30pm, Sun: Closed",
    "website": "",
    "isPremium": false,
    "reviewCount": 4,
    "rating": 3.9
  },
  {
    "name": "Western Road Launderette & Dry Cleaners",
    "address": "7 Western Road, Hove, BN3 1AE",
    "city": "Brighton",
    "lat": 50.8250,
    "lng": -0.1550,
    "features": [
      "Self-Service",
      "Staffed",
      "Dry Cleaning",
      "Repairs/Alterations",
      "Free WiFi"
    ],
    "openingHours": "Mon-Sun: 8:00am - 8:00pm",
    "website": "https://westernroadlaunderette.com/",
    "isPremium": true,
    "reviewCount": 35,
    "rating": 4.7
  },
  {
    "name": "St George's Laundry Services",
    "address": "86-87 Station Rd, Portslade, Brighton, BN41 1DF",
    "city": "Brighton",
    "lat": 50.8350,
    "lng": -0.2200,
    "features": [
      "Service Wash",
      "Collection/Delivery",
      "Dry Cleaning",
      "Ironing",
      "Duvet Cleaning"
    ],
    "openingHours": "Mon-Fri: 9:00am - 5:00pm, Sat-Sun: Closed (Self-service available)",
    "website": "https://www.sglaundry.co.uk/",
    "isPremium": true,
    "reviewCount": 45,
    "rating": 4.8
  },
  {
    "name": "St James's Laundry Centre",
    "address": "53 St James's Street, Brighton, BN2 1QG",
    "city": "Brighton",
    "lat": 50.8210,
    "lng": -0.1330,
    "features": [
      "Self-Service Coin-Op",
      "Cheapest Wash in Town",
      "Long Hours",
      "Open 7 Days"
    ],
    "openingHours": "Mon-Sun: 7:30am - 9:00pm (Last wash 7:30pm)",
    "website": "https://www.laundrycentre.com/",
    "isPremium": false,
    "reviewCount": 20,
    "rating": 4.5
  },
  {
    "name": "Blatchington Road Laundrette",
    "address": "153 Blatchington Rd, Hove, BN3 3YJ",
    "city": "Brighton",
    "lat": 50.8300,
    "lng": -0.1700,
    "features": [
      "Service Washes",
      "Ironing",
      "Duvet Cleaning",
      "Free Same-Day Collection/Delivery"
    ],
    "openingHours": "Mon-Sat: 8:00am - 7:00pm, Sun: Closed",
    "website": "https://www.blatchingtonrdlaunderette.co.uk/",
    "isPremium": true,
    "reviewCount": 25,
    "rating": 4.7
  },
  {
    "name": "Soap Box Launderette",
    "address": "129 Queens Park Rd, Brighton, BN2 0GR",
    "city": "Brighton",
    "lat": 50.8250,
    "lng": -0.1250,
    "features": [
      "Self-Service",
      "Washing & Ironing Service",
      "Duvet Cleaning",
      "Dry Cleaning"
    ],
    "openingHours": "Mon-Fri: 9:00am - 6:00pm, Sat: 9:00am - 5:00pm, Sun: Closed",
    "website": "https://www.soapboxbrighton.co.uk/",
    "isPremium": false,
    "reviewCount": 15,
    "rating": 4.4
  },
  {
    "name": "Jons Launderette (Hove)",
    "address": "90 Goldstone Villas, Hove, BN3 3RQ",
    "city": "Brighton",
    "lat": 50.8320,
    "lng": -0.1650,
    "features": [
      "Self Service 7 Days",
      "Dry Cleaning",
      "Duvet Cleaning",
      "40+ Years Experience"
    ],
    "openingHours": "Mon-Sun: 8:00am - 8:00pm",
    "website": "http://www.jonslaunderette.co.uk/",
    "isPremium": false,
    "reviewCount": 10,
    "rating": 4.3
  },
  {
    "name": "Love2Laundry Brighton (Collection/Delivery)",
    "address": "Servicing BN postcodes (Virtual Listing)",
    "city": "Brighton",
    "lat": 50.8200,
    "lng": -0.1400,
    "features": [
      "Collection/Delivery",
      "24hr Turnaround",
      "App Service",
      "Dry Cleaning"
    ],
    "openingHours": "24/7 Booking",
    "website": "https://www.love2laundry.com/",
    "isPremium": true,
    "reviewCount": 20,
    "rating": 4.6
  },
  {
    "name": "Powis Road Laundromat",
    "address": "52 Powis Rd, Brighton, BN3 1HH",
    "city": "Brighton",
    "lat": 50.8290,
    "lng": -0.1540,
    "features": [
      "Family Run",
      "Eco-Friendly Machines",
      "Self-Service"
    ],
    "openingHours": "Mon-Sun: 7:00am - 9:00pm",
    "website": "https://www.laundromat.org.uk/",
    "isPremium": false,
    "reviewCount": 8,
    "rating": 4.2
  },
  {
    "name": "Kemptown Launderette",
    "address": "15 Bristol Gardens, Brighton, BN2 5SN (Est)",
    "city": "Brighton",
    "lat": 50.8170,
    "lng": -0.1180,
    "features": [
      "Self-Service",
      "Service Wash",
      "Kemptown Area"
    ],
    "openingHours": "Mon-Sat: 8:00am - 6:00pm, Sun: Closed",
    "website": "",
    "isPremium": false,
    "reviewCount": 6,
    "rating": 4.0
  },
  {
    "name": "Worthing Launderette (Agent)",
    "address": "129 Montague St, Worthing, BN11 3BP (Est)",
    "city": "Brighton",
    "lat": 50.8140,
    "lng": -0.3750,
    "features": [
      "Dry Cleaning Drop-Off",
      "Laundry Agent",
      "Town Centre"
    ],
    "openingHours": "Mon-Sat: 9:00am - 5:00pm, Sun: Closed",
    "website": "",
    "isPremium": true,
    "reviewCount": 4,
    "rating": 4.1
  },
  {
    "name": "Boscombe Laundry Service & Launderette",
    "address": "479 Christchurch Road, Bournemouth, BH1 4AD",
    "city": "Bournemouth",
    "lat": 50.7310,
    "lng": -1.8400,
    "features": [
      "Self-Service (7am-9pm)",
      "Full Service Wash",
      "Ironing",
      "Collection/Delivery"
    ],
    "openingHours": "Mon-Sun: 7:00am - 9:00pm",
    "website": "https://www.boscombelaunderette.co.uk/",
    "isPremium": true,
    "reviewCount": 25,
    "rating": 4.7
  },
  {
    "name": "The Laundrette (Bournemouth Central)",
    "address": "225 Old Christchurch Rd, Bournemouth, BH1 1JZ",
    "city": "Bournemouth",
    "lat": 50.7220,
    "lng": -1.8710,
    "features": [
      "Self-Service",
      "High Street Location",
      "Clean & Maintained",
      "Coin-Op"
    ],
    "openingHours": "Mon-Sun: 7:30am - 7:30pm (Last wash 7:00pm)",
    "website": "http://nichelocal.co.uk/services/Bournemouth/Laundrette/Laundrette-Bournemouth.html",
    "isPremium": false,
    "reviewCount": 15,
    "rating": 4.4
  },
  {
    "name": "Queens Park Launderette",
    "address": "282 Charminster Rd, Bournemouth, BH8 9RT",
    "city": "Bournemouth",
    "lat": 50.7300,
    "lng": -1.8600,
    "features": [
      "Staffed",
      "Contract Laundry",
      "Linen Hire",
      "Student Discounts"
    ],
    "openingHours": "Mon-Fri: 9:00am - 5:30pm, Sat: 9:00am - 12:00pm, Sun: Closed",
    "website": "https://queensparklaunderette.co.uk/",
    "isPremium": true,
    "reviewCount": 10,
    "rating": 4.6
  },
  {
    "name": "Elite Laundry & Dry Cleaners",
    "address": "290 Wallisdown Rd, Bournemouth, BH11 8PN",
    "city": "Bournemouth",
    "lat": 50.7370,
    "lng": -1.9050,
    "features": [
      "Self-Service",
      "Dry Cleaning",
      "Free Collection/Delivery",
      "Duvet Cleaning"
    ],
    "openingHours": "Mon-Sun: 7:30am - 7:30pm (Self-Service)",
    "website": "https://www.elite-laundry.co.uk/",
    "isPremium": true,
    "reviewCount": 18,
    "rating": 4.5
  },
  {
    "name": "The Laundrette (Winton)",
    "address": "304 Wimborne Rd, Bournemouth, BH9 2HN (Est)",
    "city": "Bournemouth",
    "lat": 50.7420,
    "lng": -1.8790,
    "features": [
      "Self-Service",
      "Extended Hours",
      "Free WiFi",
      "Parking Available"
    ],
    "openingHours": "Mon-Sun: 7:00am - 9:00pm",
    "website": "https://www.thelaunderettebournemouth.co.uk/",
    "isPremium": false,
    "reviewCount": 12,
    "rating": 4.3
  },
  {
    "name": "Love2Laundry Bournemouth (Collection/Delivery)",
    "address": "Servicing BH postcodes (Virtual Listing)",
    "city": "Bournemouth",
    "lat": 50.7200,
    "lng": -1.8800,
    "features": [
      "Collection/Delivery",
      "24hr Turnaround",
      "App Service",
      "Dry Cleaning"
    ],
    "openingHours": "24/7 Booking",
    "website": "https://www.love2laundry.com/",
    "isPremium": true,
    "reviewCount": 16,
    "rating": 4.6
  },
  {
    "name": "Tuckton Launderette",
    "address": "143 Tuckton Rd, Bournemouth, BH6 3JZ",
    "city": "Bournemouth",
    "lat": 50.7250,
    "lng": -1.8000,
    "features": [
      "Self-Service",
      "Launderette",
      "Early Opener"
    ],
    "openingHours": "Mon-Sun: 7:00am - 7:00pm",
    "website": "",
    "isPremium": false,
    "reviewCount": 5,
    "rating": 5.0
  },
  {
    "name": "Christchurch Launderette",
    "address": "19 Bridge St, Christchurch, BH23 1AJ (Est)",
    "city": "Bournemouth",
    "lat": 50.7300,
    "lng": -1.7770,
    "features": [
      "Launderette",
      "Coin-Op",
      "Service Wash"
    ],
    "openingHours": "Mon-Sat: 8:00am - 6:00pm, Sun: Closed",
    "website": "",
    "isPremium": false,
    "reviewCount": 6,
    "rating": 4.1
  },
  {
    "name": "Poole Launderette",
    "address": "325 Ashley Rd, Poole, BH14 0AP (Est)",
    "city": "Bournemouth",
    "lat": 50.7180,
    "lng": -1.9400,
    "features": [
      "Self-Service",
      "Duvet Cleaning",
      "Poole Area"
    ],
    "openingHours": "Mon-Sun: 7:30am - 8:00pm",
    "website": "",
    "isPremium": false,
    "reviewCount": 7,
    "rating": 4.2
  },
  {
    "name": "Ferndown Launderette",
    "address": "100 Victoria Rd, Ferndown, BH22 9JE (Est)",
    "city": "Bournemouth",
    "lat": 50.8120,
    "lng": -1.8990,
    "features": [
      "Self-Service",
      "Service Wash",
      "Rural Focus"
    ],
    "openingHours": "Mon-Sat: 8:00am - 5:00pm, Sun: Closed",
    "website": "",
    "isPremium": false,
    "reviewCount": 3,
    "rating": 3.8
  },
  {
    "name": "Novawash Laundry & Dry Cleaning",
    "address": "5 Stockbridge Place, Stockbridge Rd, Chichester, PO19 8QH",
    "city": "Chichester",
    "lat": 50.8300,
    "lng": -0.7930,
    "features": [
      "FREE Collection/Delivery",
      "Dry Cleaning",
      "Ironing",
      "Duvet Cleaning",
      "Longest Established"
    ],
    "openingHours": "Mon-Sat: 8:00am - 6:00pm, Sun: Closed",
    "website": "https://novawash.co.uk/",
    "isPremium": true,
    "reviewCount": 15,
    "rating": 5.0
  },
  {
    "name": "The Little Launderette (Selsey)",
    "address": "132 High St, Selsey, PO20 0QE",
    "city": "Chichester",
    "lat": 50.7330,
    "lng": -0.7950,
    "features": [
      "Self-Service",
      "Service Wash",
      "Ironing Service",
      "Coastal Location"
    ],
    "openingHours": "Mon-Sun: 9:00am - 7:00pm",
    "website": "https://www.thelittlelaunderette.com/selsey/",
    "isPremium": false,
    "reviewCount": 8,
    "rating": 4.6
  },
  {
    "name": "Sussex Cleaners (Chichester)",
    "address": "32 The Hornet, Chichester, PO19 7JG",
    "city": "Chichester",
    "lat": 50.8350,
    "lng": -0.7760,
    "features": [
      "Dry Cleaning",
      "Duvet Cleaning",
      "50+ Years Established",
      "Tailoring Agent"
    ],
    "openingHours": "Mon-Sat: 8:30am - 5:30pm, Sun: Closed",
    "website": "https://www.sussex-cleaners.com/",
    "isPremium": true,
    "reviewCount": 10,
    "rating": 4.5
  },
  {
    "name": "Love2Laundry Chichester (Collection/Delivery)",
    "address": "Servicing PO postcodes (Virtual Listing)",
    "city": "Chichester",
    "lat": 50.8300,
    "lng": -0.7800,
    "features": [
      "Collection/Delivery",
      "24hr Turnaround",
      "App Service",
      "Dry Cleaning"
    ],
    "openingHours": "24/7 Booking",
    "website": "https://www.love2laundry.com/",
    "isPremium": true,
    "reviewCount": 10,
    "rating": 4.6
  },
  {
    "name": "Felpham Launderette",
    "address": "3 Grassmere Parade, Felpham Rd, Bognor Regis, PO22 7NT",
    "city": "Chichester",
    "lat": 50.7880,
    "lng": -0.6650,
    "features": [
      "Self-Service",
      "Service Wash",
      "Under New Management",
      "Early Opener"
    ],
    "openingHours": "Mon-Sun: 7:00am - 8:00pm",
    "website": "https://www.yell.com/biz/felpham-launderette-bognor-regis-10023297/",
    "isPremium": false,
    "reviewCount": 10,
    "rating": 4.8
  },
  {
    "name": "Nyewood Launderette",
    "address": "23 Nyewood Lane, Bognor Regis, PO21 2QB (Est)",
    "city": "Chichester",
    "lat": 50.7850,
    "lng": -0.6800,
    "features": [
      "Launderette",
      "Self-Service",
      "Drying Facilities"
    ],
    "openingHours": "Mon-Sat: 8:00am - 6:00pm, Sun: Closed",
    "website": "",
    "isPremium": false,
    "reviewCount": 4,
    "rating": 4.1
  },
  {
    "name": "London Road Launderette (Bognor)",
    "address": "53 London Rd, Bognor Regis, PO21 1DG (Est)",
    "city": "Chichester",
    "lat": 50.7880,
    "lng": -0.6750,
    "features": [
      "Self-Service",
      "Coin-Op",
      "Town Centre"
    ],
    "openingHours": "Mon-Sun: 7:00am - 9:00pm",
    "website": "",
    "isPremium": false,
    "reviewCount": 5,
    "rating": 4.0
  },
  {
    "name": "Claremont Launderette",
    "address": "22 West St, Bognor Regis, PO21 1UE (Est)",
    "city": "Chichester",
    "lat": 50.7880,
    "lng": -0.6680,
    "features": [
      "Self-Service",
      "Service Wash",
      "Dry Cleaning Agent"
    ],
    "openingHours": "Mon-Sun: 7:00am - 7:00pm",
    "website": "",
    "isPremium": false,
    "reviewCount": 6,
    "rating": 4.2
  },
  {
    "name": "Chichester Tailoring (Dry Cleaning Agent)",
    "address": "6a North St, Chichester, PO19 1LB",
    "city": "Chichester",
    "lat": 50.8370,
    "lng": -0.7760,
    "features": [
      "Tailoring/Alterations",
      "Dry Cleaning Drop-Off",
      "Fast Turnaround"
    ],
    "openingHours": "Mon-Sat: 9:00am - 5:30pm, Sun: Closed",
    "website": "https://www.yell.com/biz/chichester-tailoring-chichester-10332304/",
    "isPremium": true,
    "reviewCount": 5,
    "rating": 4.5
  },
  {
    "name": "Rustington Washeteria",
    "address": "18 Worthing Rd, Littlehampton, BN16 3JX (Est)",
    "city": "Chichester",
    "lat": 50.8040,
    "lng": -0.4900,
    "features": [
      "Self-Service",
      "Card Payment",
      "Modern Machines"
    ],
    "openingHours": "Mon-Sun: 7:00am - 8:00pm",
    "website": "",
    "isPremium": false,
    "reviewCount": 4,
    "rating": 4.0
  }
]
